scrape_id,store,product_name,current_price,brand,product_type,category,subcategory,weight_value,weight_unit,original_price,currency,product_url,availability,search_term_ar,scraped_at,discount
1,Seoudi Supermarket,Afia Sunflower Oil - 4.5 Liters,474.95 EGP,,,Oil,,4.5,L,,EGP,https://seoudisupermarket.com/en/afia-sunflower-oil-4-5-liters,In Stock,,2026-09-14 18:21:26.070169,
2,Seoudi Supermarket,"Wadi Food Virgin Olive Oil, 1 Liter + 500 ml",824.75 EGP,,,Oil,,1.0,L,,EGP,https://seoudisupermarket.com/en/wadi-food-virgin-olive-oil-1-liter-with-500-ml,In Stock,,2026-09-14 18:21:26.084169,
3,Seoudi Supermarket,Seoudi Extra Virgin Olive Oil - 750 ml,699 EGP,,,Oil,,750.0,ml,,EGP,https://seoudisupermarket.com/en/seoudi-extra-virgin-olive-oil-750-ml,In Stock,,2026-09-14 18:21:26.085170,
4,Seoudi Supermarket,Seoudi Extra Virgin Olive Oil - 250 ml,279 EGP,,,Oil,,250.0,ml,,EGP,https://seoudisupermarket.com/en/seoudi-extra-virgin-olive-oil-250-ml,In Stock,,2026-09-14 18:21:26.086169,
5,Seoudi Supermarket,"Zitouna Extra Virgin Olive Oil, Plastic Bottle - 1 Liter",609.95 EGP,,,Oil,,1.0,L,,EGP,https://seoudisupermarket.com/en/zitouna-extra-virgin-olive-oil-plastic-bottle-1-liter,In Stock,,2026-09-14 18:21:26.088168,
6,Seoudi Supermarket,King Rice Bran Oil - 2 Liter,519.95 EGP,,,Oil,,2.0,L,,EGP,https://seoudisupermarket.com/en/king-rice-bran-oil-2-liter,In Stock,,2026-09-14 18:21:26.089171,
7,Seoudi Supermarket,Qaleya Cooking Oil - 700 ml,57 EGP,,,Oil,,700.0,ml,64 EGP,EGP,https://seoudisupermarket.com/en/qaleya-cooking-oil-700-ml,In Stock,,2026-09-14 18:21:26.090170,- 11%
8,Seoudi Supermarket,Marvel Greek Olive Oil - 500 ml,399.95 EGP,,,Oil,,500.0,ml,,EGP,https://seoudisupermarket.com/en/marvel-greek-olive-oil-500-ml,In Stock,,2026-09-14 18:21:26.091172,
9,Seoudi Supermarket,Crystal Corn Oil - 1.6 Liter,210.25 EGP,,,Oil,,1.6,L,,EGP,https://seoudisupermarket.com/en/crystal-corn-oil-1-6-liter,In Stock,,2026-09-14 18:21:26.092168,
10,Seoudi Supermarket,"Zitouna Excellent Olive Oil, Glass Bottle - 500 ml",327.95 EGP,,,Oil,,500.0,ml,,EGP,https://seoudisupermarket.com/en/zitouna-excellent-olive-oil-glass-bottle-500-ml,In Stock,,2026-09-14 18:21:26.093173,
11,Seoudi Supermarket,Afia Sunflower Oil - 700 ml,77.25 EGP,,,Oil,,700.0,ml,,EGP,https://seoudisupermarket.com/en/afia-sunflower-oil-700-ml,In Stock,,2026-09-14 18:21:26.094168,
12,Seoudi Supermarket,Crystal Sunflower Oil - 2.2 Liter,237.25 EGP,,,Oil,,2.2,L,,EGP,https://seoudisupermarket.com/en/crystal-sunflower-oil-2-2-liter,In Stock,,2026-09-14 18:21:26.095170,
13,Seoudi Supermarket,Karma Foods Flaxseed Oil - 250 ml,84.95 EGP,,,Oil,,250.0,ml,,EGP,https://seoudisupermarket.com/en/karma-foods-flaxseed-oil-250-ml,In Stock,,2026-09-14 18:21:26.096169,
14,Seoudi Supermarket,Wadi Food Virgin Olive Oil - 500 ml,394.95 EGP,,,Oil,,500.0,ml,446.95 EGP,EGP,https://seoudisupermarket.com/en/wadi-food-virgin-olive-oil-500-ml,In Stock,,2026-09-14 18:21:26.097169,- 12%
15,Seoudi Supermarket,Wadi Food Extra Virgin Olive Oil - 500 ml,424.45 EGP,,,Oil,,500.0,ml,482.45 EGP,EGP,https://seoudisupermarket.com/en/%D9%88%D8%A7%D8%AF%D9%89-%D9%81%D9%88%D8%AF-%D8%B2%D9%8A%D8%AA-%D8%B2%D9%8A%D8%AA%D9%88%D9%86-%D9%85%D9%85%D8%AA%D8%A7%D8%B2500%D9%85%D9%84-6223000190630,In Stock,,2026-09-14 18:21:26.097169,- 12%
16,Seoudi Supermarket,Crystal Sunflower Oil Spray - 200 ml,24.5 EGP,,,Oil,,200.0,ml,,EGP,https://seoudisupermarket.com/en/crystal-sunflower-oil-spray-200-ml,In Stock,,2026-09-14 18:21:26.098676,
17,Seoudi Supermarket,Hedaya Mixed Oil - 4.5 Liters,366.75 EGP,,,Oil,,4.5,L,,EGP,https://seoudisupermarket.com/en/hedaya-cooking-oil-4-5-liter,In Stock,,2026-09-14 18:21:26.099687,
18,Seoudi Supermarket,Hedeya Cooking Oil - 700 ml,57 EGP,,,Oil,,700.0,ml,64 EGP,EGP,https://seoudisupermarket.com/en/hedeya-cooking-oil-700-ml,In Stock,,2026-09-14 18:21:26.100684,- 11%
19,Seoudi Supermarket,iliada Extra Virgin Olive Oil - 500 ml,593.95 EGP,,,Oil,,500.0,ml,,EGP,https://seoudisupermarket.com/en/iliada-extra-virgin-olive-oil-500-ml,In Stock,,2026-09-14 18:21:26.101685,
20,Seoudi Supermarket,Khoshala Extra Virgin Olive Oil - 500 ml,354.95 EGP,,,Oil,,500.0,ml,,EGP,https://seoudisupermarket.com/en/khoshala-extra-virgin-olive-oil-500-ml,In Stock,,2026-09-14 18:21:26.102685,
21,Seoudi Supermarket,Slite Sunflower Oil - 2.1 Liter,214.25 EGP,,,Oil,,2.1,L,,EGP,https://seoudisupermarket.com/en/slite-sunflower-oil-2-1-liter,In Stock,,2026-09-14 18:21:26.102685,
22,Seoudi Supermarket,Afia Corn Plus Oil - 1.6 Liter,201 EGP,,,Oil,,1.6,L,,EGP,https://seoudisupermarket.com/en/afia-corn-plus-oil-1-6-liter,In Stock,,2026-09-14 18:21:26.103684,
23,Seoudi Supermarket,Borges Extra Virgin Olive Oil - 1 Liter,907.95 EGP,,,Oil,,1.0,L,,EGP,https://seoudisupermarket.com/en/borges-extra-virgin-olive-oil-1-liter,Out of Stock,,2026-09-14 18:21:26.104684,
24,Seoudi Supermarket,Slite Sunflower Oil - 675 ml,70.95 EGP,,,Oil,,675.0,ml,,EGP,https://seoudisupermarket.com/en/slite-sunflower-oil-675-ml,In Stock,,2026-09-14 18:21:26.105684,
25,Seoudi Supermarket,Afia Plus Corn Oil - 700 ml,89.75 EGP,,,Oil,,700.0,ml,,EGP,https://seoudisupermarket.com/en/afia-plus-corn-oil-700-ml,In Stock,,2026-09-14 18:21:26.105684,
26,Seoudi Supermarket,Crystal Corn Oil - 700 ml,95.25 EGP,,,Oil,,700.0,ml,,EGP,https://seoudisupermarket.com/en/crystal-corn-oil-700-ml,In Stock,,2026-09-14 18:21:26.106685,
27,Seoudi Supermarket,"Zitouna Extra Virgin Olive Oil, Glass Bottle - 1 Liter",644.95 EGP,,,Oil,,1.0,L,,EGP,https://seoudisupermarket.com/en/zitouna-extra-virgin-olive-oil-glass-bottle-1-liter,In Stock,,2026-09-14 18:21:26.107685,
28,Seoudi Supermarket,Wadi Food Extra Virgin Olive oil - 500 ml,553.95 EGP,,,Oil,,500.0,ml,,EGP,https://seoudisupermarket.com/en/wadi-food-extra-virgin-olive-oil-500-ml,In Stock,,2026-09-14 18:21:26.108685,
29,Seoudi Supermarket,Hla Sunflower Oil - 5 Liter,507.45 EGP,,,Oil,,5.0,L,,EGP,https://seoudisupermarket.com/en/hla-sunflower-oil-5-liter,In Stock,,2026-09-14 18:21:26.109686,
30,Seoudi Supermarket,Spritz Truffle Oil Spray - 200 ml,239.95 EGP,,,Oil,,200.0,ml,,EGP,https://seoudisupermarket.com/en/spritz-truffle-oil-spray-200-ml,In Stock,,2026-09-14 18:21:26.110685,
31,Seoudi Supermarket,El Momtaz Mixed Oil for Cooking & Frying - 700 ml,64.25 EGP,,,Oil,,700.0,ml,,EGP,https://seoudisupermarket.com/en/el-momtaz-cooking-oil-700-ml,In Stock,,2026-09-14 18:21:26.111683,
32,Seoudi Supermarket,Terra Olive Oil Spray - 200 ml,399.95 EGP,,,Oil,,200.0,ml,,EGP,https://seoudisupermarket.com/en/terra-olive-oil-spray-200-ml,In Stock,,2026-09-14 18:21:26.112683,
33,Seoudi Supermarket,Spritz Olive Oil Spray - 200 ml,349.95 EGP,,,Oil,,200.0,ml,,EGP,https://seoudisupermarket.com/en/spritz-olive-oil-spray-200-ml,In Stock,,2026-09-14 18:21:26.113683,
34,Seoudi Supermarket,Sunny Mixed Oil for Cooking & Frying- 1.75 Liter,163.95 EGP,,,Oil,,1.75,L,,EGP,https://seoudisupermarket.com/en/sunny-mixed-oil-for-cooking-frying-1-75-liter,In Stock,,2026-09-14 18:21:26.113683,
35,Seoudi Supermarket,Slite Sunflower Oil - 1.5 Liter,157.75 EGP,,,Oil,,1.5,L,,EGP,https://seoudisupermarket.com/en/slite-sunflower-oil-1-5-liter,In Stock,,2026-09-14 18:21:26.115685,
36,Seoudi Supermarket,Karma Foods Coconut Oil - 250 ml,109.95 EGP,,,Oil,,250.0,ml,,EGP,https://seoudisupermarket.com/en/karma-foods-coconut-oil-250-ml,In Stock,,2026-09-14 18:21:26.116689,
37,Seoudi Supermarket,Afia Corn Oil - 1.6 Liter,210.25 EGP,,,Oil,,1.6,L,,EGP,https://seoudisupermarket.com/en/afia-corn-oil-1-6-liter,In Stock,,2026-09-14 18:21:26.116689,
38,Seoudi Supermarket,Wadi Food Virgin Olive Oil - 1 Liter,734.95 EGP,,,Oil,,1.0,L,824.75 EGP,EGP,https://seoudisupermarket.com/en/wadi-food-virgin-olive-oil-1-liter,In Stock,,2026-09-14 18:21:26.117688,- 11%
39,Seoudi Supermarket,Al Asil Oil for Cooking & Frying - 2.25 Liters,217.95 EGP,,,Oil,,2.25,L,,EGP,https://seoudisupermarket.com/en/al-asil-sunflower-oil-2-25-liter,In Stock,,2026-09-14 18:21:26.118688,
40,Seoudi Supermarket,King Rice Bran Oil - 1 Liter,264.95 EGP,,,Oil,,1.0,L,,EGP,https://seoudisupermarket.com/en/king-rice-bran-oil-1-liter,In Stock,,2026-09-14 18:21:26.119687,
41,Seoudi Supermarket,Karma Foods Sweet Almond Oil - 250 ml,139.95 EGP,,,Oil,,250.0,ml,,EGP,https://seoudisupermarket.com/en/karma-foods-sweet-almond-oil-250-ml,In Stock,,2026-09-14 18:21:26.120687,
42,Seoudi Supermarket,Hedaya Oil - 1 Liter,77 EGP,,,Oil,,1.0,L,83.95 EGP,EGP,https://seoudisupermarket.com/en/hedaya-oil-1-liter,In Stock,,2026-09-14 18:21:26.120687,- 8%
43,Seoudi Supermarket,Zitouna Extra Virgin Olive Oil - 250 ml,162.95 EGP,,,Oil,,250.0,ml,,EGP,https://seoudisupermarket.com/en/zitouna-extra-virgin-olive-oil-250-ml,In Stock,,2026-09-14 18:21:26.121687,
44,Seoudi Supermarket,Qalyea Cooking Oil - 1 Liter,77 EGP,,,Oil,,1.0,L,83.95 EGP,EGP,https://seoudisupermarket.com/en/qalyea-cooking-oil-1-liter,In Stock,,2026-09-14 18:21:26.122703,- 8%
45,Seoudi Supermarket,Gold River Organic Olive Oil - 250 ml,219.95 EGP,,,Oil,,250.0,ml,,EGP,https://seoudisupermarket.com/en/gold-river-organic-olive-oil-250-ml,In Stock,,2026-09-14 18:21:26.123688,
46,Seoudi Supermarket,Wadi Food Extra Virgin Olive Oil - 500 ml + Virgin Olive Oil - 250 ml,482.45 EGP,,,Oil,,500.0,ml,,EGP,https://seoudisupermarket.com/en/wadi-food-extra-virgin-olive-oil-500-ml-250-ml,In Stock,,2026-09-14 18:21:26.124688,
47,Seoudi Supermarket,Marvel Greek Extra Virgin Olive Oil - 1 Liter,714.95 EGP,,,Oil,,1.0,L,,EGP,https://seoudisupermarket.com/en/marvel-greek-extra-virgin-olive-oil-1-liter,In Stock,,2026-09-14 18:21:26.124688,
48,Seoudi Supermarket,Hla Sunflower Oil - 1.5 L,157.75 EGP,,,Oil,,1.5,L,,EGP,https://seoudisupermarket.com/en/hla-sunflower-oil-1-5-l,In Stock,,2026-09-14 18:21:26.125688,
49,Seoudi Supermarket,Wadi Food Extra Virgin Olive Oil - 1 Liter,789.95 EGP,,,Oil,,1.0,L,888.95 EGP,EGP,https://seoudisupermarket.com/en/wadi-food-extra-virgin-olive-oil-1-liter,In Stock,,2026-09-14 18:21:26.126688,- 11%
50,Seoudi Supermarket,Crystal Corn Oil Spray - 200 ml,26.25 EGP,,,Oil,,200.0,ml,,EGP,https://seoudisupermarket.com/en/crystal-corn-oil-spray-200-ml,In Stock,,2026-09-14 18:21:26.127688,
51,Seoudi Supermarket,Crystal Sunflower Oil - 1 Liter,107.45 EGP,,,Oil,,1.0,L,,EGP,https://seoudisupermarket.com/en/crystal-sunflower-oil-1-liter,In Stock,,2026-09-14 18:21:31.540369,
52,Seoudi Supermarket,Crystal Sunflower Oil - 5 Liter,528.25 EGP,,,Oil,,5.0,L,,EGP,https://seoudisupermarket.com/en/crystal-sunflower-oil-5-liter,In Stock,,2026-09-14 18:21:31.541372,
53,Seoudi Supermarket,Sunny Mixed Oil for Cooking & Frying - 700 ml,72.95 EGP,,,Oil,,700.0,ml,,EGP,https://seoudisupermarket.com/en/sunny-sunflower-oil-blend-700-ml,In Stock,,2026-09-14 18:21:31.542368,
54,Seoudi Supermarket,Isis Extra Virgin Olive Oil - 250 ml,204.95 EGP,,,Oil,,250.0,ml,239.95 EGP,EGP,https://seoudisupermarket.com/en/isis-extra-virgin-olive-oil-250-ml,In Stock,,2026-09-14 18:21:31.543370,- 15%
55,Seoudi Supermarket,Hla Sunflower Oil - 700 ml,73.75 EGP,,,Oil,,700.0,ml,,EGP,https://seoudisupermarket.com/en/hla-sunflower-oil-700-ml,In Stock,,2026-09-14 18:21:31.544371,
56,Seoudi Supermarket,Hla Sunflower Oil - 2.25 Liter,224.95 EGP,,,Oil,,2.25,L,,EGP,https://seoudisupermarket.com/en/hla-sunflower-oil-2-25-liter,In Stock,,2026-09-14 18:21:31.545367,
57,Seoudi Supermarket,Afia Plus Corn Oil - 2.2 Liter,269.95 EGP,,,Oil,,2.2,L,,EGP,https://seoudisupermarket.com/en/afia-plus-corn-oil-2-2-liter,In Stock,,2026-09-14 18:21:31.546368,
58,Seoudi Supermarket,Crystal Sunflower Oil - 1.6 Liter,173.95 EGP,,,Oil,,1.6,L,,EGP,https://seoudisupermarket.com/en/crystal-sunflower-oil-1-6-liter,In Stock,,2026-09-14 18:21:31.547369,
59,Seoudi Supermarket,Crystal Sunflower Oil - 700 ml,77.25 EGP,,,Oil,,700.0,ml,,EGP,https://seoudisupermarket.com/en/crystal-sunflower-oil-700-ml,In Stock,,2026-09-14 18:21:31.548367,
60,Seoudi Supermarket,Al Asil Sunflower Oil - 700 ml,71.75 EGP,,,Oil,,700.0,ml,,EGP,https://seoudisupermarket.com/en/al-asil-sunflower-oil-700-ml,In Stock,,2026-09-14 18:21:31.549370,
61,Seoudi Supermarket,"Zitouna Extra Virgin Olive Oil, Plastic Bottle - 500 ml",309.95 EGP,,,Oil,,500.0,ml,,EGP,https://seoudisupermarket.com/en/zitouna-extra-virgin-olive-oil-plastic-bottle-500-ml,In Stock,,2026-09-14 18:21:31.550366,
62,Seoudi Supermarket,Wadi Food Extra Virgin Olive Oil - 250 ml,312.45 EGP,,,Oil,,250.0,ml,,EGP,https://seoudisupermarket.com/en/wadi-food-extra-virgin-olive-oil-250-ml,In Stock,,2026-09-14 18:21:31.550366,
63,Seoudi Supermarket,Sunny Mixed Oil for Cooking & Frying - 2.4 Liter,224.95 EGP,,,Oil,,2.4,L,,EGP,https://seoudisupermarket.com/en/sunny-sunflower-oil-2-4-liter,In Stock,,2026-09-14 18:21:31.551371,
64,Seoudi Supermarket,Crystal Corn Oil - 3.5 Liters,443.95 EGP,,,Oil,,3.5,L,,EGP,https://seoudisupermarket.com/en/crystal-corn-oil-3-5-liters,In Stock,,2026-09-14 18:21:31.552371,
65,Seoudi Supermarket,Mazzetti Organic Apple Vinegar - 500 ml,364.95 EGP,,,Oil,,500.0,ml,,EGP,https://seoudisupermarket.com/en/mazzetti-organic-apple-vinegar-500-ml,In Stock,,2026-09-14 18:21:31.552371,
66,Seoudi Supermarket,Wadi Food Extra Virgin Olive Oil - 250 ml,239.95 EGP,,,Oil,,250.0,ml,273.45 EGP,EGP,https://seoudisupermarket.com/en/%D9%88%D8%A7%D8%AF%D9%89-%D9%81%D9%88%D8%AF-%D8%B2%D9%8A%D8%AA-%D8%B2%D9%8A%D8%AA%D9%88%D9%86-%D9%85%D9%85%D8%AA%D8%A7%D8%B2250%D9%85%D9%84-6223000190623,In Stock,,2026-09-14 18:21:31.553371,- 12%
67,Seoudi Supermarket,Helwa Cooking Oil - 4.5 Liter,366.5 EGP,,,Oil,,4.5,L,,EGP,https://seoudisupermarket.com/en/helwa-cooking-oil-4-5-liter,In Stock,,2026-09-14 18:21:31.554370,
68,Seoudi Supermarket,Crystal Corn Oil - 1 Liter,134.25 EGP,,,Oil,,1.0,L,,EGP,https://seoudisupermarket.com/en/crystal-corn-oil-1-liter,In Stock,,2026-09-14 18:21:31.555367,
69,Seoudi Supermarket,Sunny Mixed Oil for Cooking & Frying - 4.4 Liter,399.95 EGP,,,Oil,,4.4,L,,EGP,https://seoudisupermarket.com/en/sunny-sunflower-oil-4-4-liter,In Stock,,2026-09-14 18:21:31.556366,
70,Seoudi Supermarket,Afia Sunflower Oil - 2.2 Liter,237.25 EGP,,,Oil,,2.2,L,,EGP,https://seoudisupermarket.com/en/afia-sunflower-oil-2-2-liter,In Stock,,2026-09-14 18:21:31.556366,
71,Seoudi Supermarket,Helwa Cooking Oil - 2.25 Liter,178.45 EGP,,,Oil,,2.25,L,181.25 EGP,EGP,https://seoudisupermarket.com/en/helwa-cooking-oil-2-25-liter,In Stock,,2026-09-14 18:21:31.557366,- 2%
72,Seoudi Supermarket,Qaleya Cooking Oil - 4.5 Liter,366.75 EGP,,,Oil,,4.5,L,,EGP,https://seoudisupermarket.com/en/qaleya-cooking-oil-4-5-liter,In Stock,,2026-09-14 18:21:31.558366,
73,Seoudi Supermarket,Wadi Food Vergin Olive Oil - 250 ml,224.95 EGP,,,Oil,,250.0,ml,253.95 EGP,EGP,https://seoudisupermarket.com/en/wadi-food-vergin-olive-oil-250-ml,In Stock,,2026-09-14 18:21:31.559366,- 11%
74,Seoudi Supermarket,El Momtaz Mixed Oil for Cooking & Frying - 1 Liter,83.95 EGP,,,Oil,,1.0,L,,EGP,https://seoudisupermarket.com/en/el-momtaz-cooking-oil-1-liter,In Stock,,2026-09-14 18:21:31.559366,
75,Seoudi Supermarket,Hedya Oil - 2.1 Liter,175.75 EGP,,,Oil,,2.1,L,,EGP,https://seoudisupermarket.com/en/hedya-oil-2-1-liter,In Stock,,2026-09-14 18:21:31.560366,
76,Seoudi Supermarket,Afia Corn Oil - 700 ml,95.25 EGP,,,Oil,,700.0,ml,,EGP,https://seoudisupermarket.com/en/afia-corn-oil-700-ml,In Stock,,2026-09-14 18:21:31.561367,
77,Seoudi Supermarket,Spritz Sunflower Oil Spray - 200 ml,179.95 EGP,,,Oil,,200.0,ml,,EGP,https://seoudisupermarket.com/en/spritz-sunflower-oil-spray-200-ml,In Stock,,2026-09-14 18:21:31.562366,
78,Seoudi Supermarket,Karma Foods Black Seed Oil - 250 ml,264.95 EGP,,,Oil,,250.0,ml,,EGP,https://seoudisupermarket.com/en/karma-foods-black-seed-oil-250-ml,In Stock,,2026-09-14 18:21:31.562366,
79,Seoudi Supermarket,Helwa Cooking Oil - 700  ml,55 EGP,,,Oil,,700.0,ml,64.25 EGP,EGP,https://seoudisupermarket.com/en/helwa-cooking-oil-700-ml,In Stock,,2026-09-14 18:21:31.563366,- 14%
80,Seoudi Supermarket,Qalyea Cooking Oil - 2.1 Liter,175.75 EGP,,,Oil,,2.1,L,,EGP,https://seoudisupermarket.com/en/qalyea-cooking-oil-2-1-liter,In Stock,,2026-09-14 18:21:31.564366,
81,Seoudi Supermarket,Al Asil Oil for Cooking & Frying - 1.5 Liter,146.75 EGP,,,Oil,,1.5,L,,EGP,https://seoudisupermarket.com/en/al-asil-sunflower-oil-1-5-liter,In Stock,,2026-09-14 18:21:31.565366,
82,Seoudi Supermarket,Karma Foods Sesame Oil - 250 ml,164.95 EGP,,,Oil,,250.0,ml,,EGP,https://seoudisupermarket.com/en/karma-foods-sesame-oil-250-ml,In Stock,,2026-09-14 18:21:31.565366,
83,Seoudi Supermarket,Helwa Sunflower Oil - 4.5 Liter,456.5 EGP,,,Oil,,4.5,L,,EGP,https://seoudisupermarket.com/en/helwa-sunflower-oil-4-5-liter,In Stock,,2026-09-14 18:21:31.566366,
84,Seoudi Supermarket,Karma Foods Pure Virgin Olive Oil - 500 ml,274.95 EGP,,,Oil,,500.0,ml,,EGP,https://seoudisupermarket.com/en/karma-foods-pure-virgin-olive-oil-500-ml,In Stock,,2026-09-14 18:21:31.567367,
85,Seoudi Supermarket,Wadi Food Extra Virgin Olive Oil - 2 Liter,"1,631.95 EGP",,,Oil,,2.0,L,,EGP,https://seoudisupermarket.com/en/wadi-food-extra-virgin-olive-oil-2-liter,In Stock,,2026-09-14 18:21:31.568367,
86,Seoudi Supermarket,Katfa Sunflower Oil - 700 ml + Corn Oil - 700 ml,134.95 EGP,,,Oil,,700.0,ml,180 EGP,EGP,https://seoudisupermarket.com/en/katfa-sunflower-oil-700-ml-corn-oil-700-ml,Out of Stock,,2026-09-14 18:21:31.568367,- 25%
87,Seoudi Supermarket,Imtenan Natural Coconut Oil - 250 ml,294.95 EGP,,,Oil,,250.0,ml,,EGP,https://seoudisupermarket.com/en/imtenan-natural-coconut-oil-250-ml,Out of Stock,,2026-09-14 18:21:31.569367,
88,Seoudi Supermarket,Imtenan Sesame Oil - 250 ml,249.95 EGP,,,Oil,,250.0,ml,,EGP,https://seoudisupermarket.com/en/imtenan-sesame-oil-250-ml,Out of Stock,,2026-09-14 18:21:31.569367,
89,Seoudi Supermarket,Le Blanc Sunflower Oil - 3 Liter,309.95 EGP,,,Oil,,3.0,L,339.95 EGP,EGP,https://seoudisupermarket.com/en/le-blanc-sunflower-oil-3-liter,Out of Stock,,2026-09-14 18:21:31.570367,- 9%
90,Seoudi Supermarket,lliada Gold Extra Virgin Olive Oil - 1 L,"1,124.95 EGP",,,Oil,,1.0,L,,EGP,https://seoudisupermarket.com/en/%D8%A7%D9%84%D9%8A%D8%A7%D8%AF%D8%A7-%D8%AC%D9%88%D9%84%D8%AF-%D8%A7%D9%83%D8%B3%D8%AA%D8%B1%D8%A7-%D9%81%D9%8A%D8%B1%D8%AC%D9%86-1%D9%84%D8%AA%D8%B1-5201043112476,Out of Stock,,2026-09-14 18:21:31.571371,
91,Seoudi Supermarket,Seoudi Extra Virgin Olive Oil - 500 ml,499 EGP,,,Oil,,500.0,ml,,EGP,https://seoudisupermarket.com/en/seoudi-extra-virgin-olive-oil-500-ml,Out of Stock,,2026-09-14 18:21:31.571371,
92,Seoudi Supermarket,Borges Extra Virgin Olive Oil - 500 ml,554.95 EGP,,,Oil,,500.0,ml,,EGP,https://seoudisupermarket.com/en/borges-extra-virgin-olive-oil-500ml,Out of Stock,,2026-09-14 18:21:31.572371,
93,Seoudi Supermarket,Katfa Sunflower Oil - 2.1 Liters,204.95 EGP,,,Oil,,2.1,L,227.75 EGP,EGP,https://seoudisupermarket.com/en/katfa-sunflower-oil-2-1-liters,Out of Stock,,2026-09-14 18:21:31.573370,- 10%
94,Seoudi Supermarket,Katfa Corn Oil - 1.5 Liters,174.95 EGP,,,Oil,,1.5,L,197.45 EGP,EGP,https://seoudisupermarket.com/en/katfa-corn-oil-1-5-liters,Out of Stock,,2026-09-14 18:21:31.573370,- 11%
95,Seoudi Supermarket,Monini Basil Olive Oil - 250 ml,327.75 EGP,,,Oil,,250.0,ml,,EGP,https://seoudisupermarket.com/en/monini-basil-olive-oil-250-ml,Out of Stock,,2026-09-14 18:21:31.574371,
96,Seoudi Supermarket,iliada Extra Olive Oil - 250 g,354.95 EGP,,,Oil,,250.0,g,,EGP,https://seoudisupermarket.com/en/iliada-extra-olive-oil-250-g,Out of Stock,,2026-09-14 18:21:31.574371,
97,Seoudi Supermarket,Isis Extra Virgin Olive Oil - 750 ml,574.95 EGP,,,Oil,,750.0,ml,674.95 EGP,EGP,https://seoudisupermarket.com/en/isis-extra-virgin-olive-oil-750-ml,Out of Stock,,2026-09-14 18:21:31.575370,- 15%
98,Seoudi Supermarket,Karma Foods Virgin Olive Oil - 1 Liter,519.95 EGP,,,Oil,,1.0,L,,EGP,https://seoudisupermarket.com/en/karma-foods-virgin-olive-oil-1-liter,Out of Stock,,2026-09-14 18:21:31.575370,
99,Seoudi Supermarket,Slite Sunflower Oil - 700 ml,61.95 EGP,,,Oil,,700.0,ml,,EGP,https://seoudisupermarket.com/en/slite-sunflower-oil-700-ml,Out of Stock,,2026-09-14 18:21:31.576373,
100,Seoudi Supermarket,Devine Coconut Oil for Cooking - 300 ml,199.95 EGP,,,Oil,,300.0,ml,,EGP,https://seoudisupermarket.com/en/devine-coconut-oil-for-cooking-300-ml,Out of Stock,,2026-09-14 18:21:38.843671,
101,Seoudi Supermarket,Fahd Mixed Oil for Cooking & Frying - 700 ml,48.45 EGP,,,Oil,,700.0,ml,,EGP,https://seoudisupermarket.com/en/fahd-mixed-oil-700-ml,Out of Stock,,2026-09-14 18:21:38.844671,
102,Seoudi Supermarket,Choice Flax Seed Oil - 250 ml,108.95 EGP,,,Oil,,250.0,ml,,EGP,https://seoudisupermarket.com/en/choice-flax-seed-oil-250-ml,Out of Stock,,2026-09-14 18:21:38.845671,
103,Seoudi Supermarket,Borges Canola Oil - 2 Liter,379.95 EGP,,,Oil,,2.0,L,,EGP,https://seoudisupermarket.com/en/borges-canola-oil-2-liter,Out of Stock,,2026-09-14 18:21:38.846671,
104,Seoudi Supermarket,Borges Classic Olive Oil - 500 ml,449.75 EGP,,,Oil,,500.0,ml,,EGP,https://seoudisupermarket.com/en/borges-classic-olive-oil-500-ml,Out of Stock,,2026-09-14 18:21:38.847672,
105,Seoudi Supermarket,iliada Extra Virigin Olive Oil - 750 ml,"1,062.95 EGP",,,Oil,,750.0,ml,,EGP,https://seoudisupermarket.com/en/iliada-extra-virigin-olive-oil-750-ml,Out of Stock,,2026-09-14 18:21:38.848672,
106,Seoudi Supermarket,iliada Gentle Extra Virgin Olive Oil - 500 ml,479.95 EGP,,,Oil,,500.0,ml,687.95 EGP,EGP,https://seoudisupermarket.com/en/iliada-gentle-extra-virgin-olive-oil-500-ml,Out of Stock,,2026-09-14 18:21:38.849671,- 30%
107,Seoudi Supermarket,Colavita Olive Oil - 500 ml,549.95 EGP,,,Oil,,500.0,ml,,EGP,https://seoudisupermarket.com/en/colavita-olive-oil-500-ml,Out of Stock,,2026-09-14 18:21:38.850686,
108,Seoudi Supermarket,Iliada Blue Olive Oil - 750 ml,564.95 EGP,,,Oil,,750.0,ml,812.95 EGP,EGP,https://seoudisupermarket.com/en/iliada-blue-olive-oil-750-ml,Out of Stock,,2026-09-14 18:21:38.851671,- 31%
109,Seoudi Supermarket,"Wadi Food Extra Virgin Olive Oil, 1 Liter + Virgin Olive Oil - 250 ml",888.95 EGP,,,Oil,,1.0,L,,EGP,https://seoudisupermarket.com/en/wadi-food-extra-virgin-olive-oil-1-liter-virgin-olive-oil-250-ml,Out of Stock,,2026-09-14 18:21:38.851671,
110,Seoudi Supermarket,Sunny Sunflower Oil - 2.4 Liters,241.45 EGP,,,Oil,,2.4,L,,EGP,https://seoudisupermarket.com/en/sunny-sunflower-oil-2-4-liters,Out of Stock,,2026-09-14 18:21:38.853674,
111,Seoudi Supermarket,Monini Classic Olive Oil - 1 Liter,"1,149.95 EGP",,,Oil,,1.0,L,,EGP,https://seoudisupermarket.com/en/monini-classic-olive-oil-1-liter,Out of Stock,,2026-09-14 18:21:38.853674,
112,Seoudi Supermarket,Loro Corn Oil - 1 Liter,134.95 EGP,,,Oil,,1.0,L,,EGP,https://seoudisupermarket.com/en/loro-corn-oil-1-liter,Out of Stock,,2026-09-14 18:21:38.854670,
113,Seoudi Supermarket,Marvel Coconut Oil - 250 ml,119.95 EGP,,,Oil,,250.0,ml,134.95 EGP,EGP,https://seoudisupermarket.com/en/marvel-coconut-oil-250-ml,Out of Stock,,2026-09-14 18:21:38.855685,- 11%
114,Seoudi Supermarket,Riviere d'Or Extra Virgin Olive Oil - 1 Liter,654.95 EGP,,,Oil,,1.0,L,,EGP,https://seoudisupermarket.com/en/riviere-dor-virgin-olive-oil-1-liter,Out of Stock,,2026-09-14 18:21:38.856670,
115,Seoudi Supermarket,"Afia Sunflower Oil, 2.2 Liters + Al Osra Sugar Gift - 1 kg",212.25 EGP,,,Oil,,2.2,L,,EGP,https://seoudisupermarket.com/en/afia-sunflower-oil-2-2-liters-al-osra-sugar-gift-1-kg,Out of Stock,,2026-09-14 18:21:38.857671,
116,Seoudi Supermarket,Borges Picual Olive Oil - 500 ml,504.95 EGP,,,Oil,,500.0,ml,,EGP,https://seoudisupermarket.com/en/borges-picual-olive-oil-500-ml,Out of Stock,,2026-09-14 18:21:38.858672,
117,Seoudi Supermarket,Al Asil Corn Oil - 750 ml,83.75 EGP,,,Oil,,750.0,ml,,EGP,https://seoudisupermarket.com/en/al-asil-corn-oil-750-ml,Out of Stock,,2026-09-14 18:21:38.859671,
118,Seoudi Supermarket,El Aghsan Virgin Olive Oil - 1 Liter,554.95 EGP,,,Oil,,1.0,L,,EGP,https://seoudisupermarket.com/en/el-aghsan-virgin-olive-oil-1-liter,Out of Stock,,2026-09-14 18:21:38.860671,
119,Seoudi Supermarket,Afia Corn Oil - 2.2 Liter,283.95 EGP,,,Oil,,2.2,L,,EGP,https://seoudisupermarket.com/en/afia-corn-oil-2-2-liter,Out of Stock,,2026-09-14 18:21:38.861672,
120,Seoudi Supermarket,Loro Corn Oil - 2.25 Liter,287.75 EGP,,,Oil,,2.25,L,,EGP,https://seoudisupermarket.com/en/loro-corn-oil-2-25-liter,Out of Stock,,2026-09-14 18:21:38.862671,
121,Seoudi Supermarket,RS Olive Oil - 250 ml,375.75 EGP,,,Oil,,250.0,ml,,EGP,https://seoudisupermarket.com/en/rs-olive-oil-250-ml,Out of Stock,,2026-09-14 18:21:38.863672,
122,Seoudi Supermarket,Illada Organic Olive Oil Squeeze - 500 ml,479.95 EGP,,,Oil,,500.0,ml,687.45 EGP,EGP,https://seoudisupermarket.com/en/illada-organic-olive-oil-squeeze-500-ml,Out of Stock,,2026-09-14 18:21:38.864670,- 30%
123,Seoudi Supermarket,Slite Corn Oil - 700 ml,79.95 EGP,,,Oil,,700.0,ml,,EGP,https://seoudisupermarket.com/en/slite-corn-oil-700-ml,Out of Stock,,2026-09-14 18:21:38.865671,
124,Seoudi Supermarket,Iliada Olive Oil with Chili - 250 ml,229.95 EGP,,,Oil,,250.0,ml,330.95 EGP,EGP,https://seoudisupermarket.com/en/iliada-olive-oil-with-chili-250-ml,Out of Stock,,2026-09-14 18:21:38.866671,- 31%
125,Seoudi Supermarket,iliada Native Olive Oil - 500 ml,593.95 EGP,,,Oil,,500.0,ml,,EGP,https://seoudisupermarket.com/en/iliada-native-olive-oil-500-ml,Out of Stock,,2026-09-14 18:21:38.867670,
126,Seoudi Supermarket,Karma Mustard Oil - 250 ml,169.95 EGP,,,Oil,,250.0,ml,,EGP,https://seoudisupermarket.com/en/karma-mustard-oil-250-ml,Out of Stock,,2026-09-14 18:21:38.869671,
127,Seoudi Supermarket,Organic Nation Sweet Almond Oil - 100 ml,299.95 EGP,,,Oil,,100.0,ml,,EGP,https://seoudisupermarket.com/en/organic-nation-sweet-almond-oil-100-ml,Out of Stock,,2026-09-14 18:21:38.870671,
128,Seoudi Supermarket,Dora Mixed Oil for Cooking & Frying - 700 ml,51.95 EGP,,,Oil,,700.0,ml,,EGP,https://seoudisupermarket.com/en/dora-mixed-oil-700-ml,Out of Stock,,2026-09-14 18:21:38.871681,
129,Seoudi Supermarket,Greek Extra Virgin Olive Oil - 1 Liter,714.95 EGP,,,Oil,,1.0,L,,EGP,https://seoudisupermarket.com/en/greek-extra-virgin-olive-oil-1-liter,Out of Stock,,2026-09-14 18:21:38.872670,
130,Seoudi Supermarket,iliada Extra Virgin Olive Oil Spray - 200 ml,362.95 EGP,,,Oil,,200.0,ml,,EGP,https://seoudisupermarket.com/en/iliada-extra-virgin-olive-oil-spray-200-ml,Out of Stock,,2026-09-14 18:21:38.873671,
131,Seoudi Supermarket,Crisco Original No Stick Spray - 170 g,369.95 EGP,,,Oil,,170.0,g,,EGP,https://seoudisupermarket.com/en/crisco-original-no-stick-spray-170-g,Out of Stock,,2026-09-14 18:21:38.874672,
132,Seoudi Supermarket,Sunny Mixed Oil for Cooking & Frying - 750 ml,65.75 EGP,,,Oil,,750.0,ml,,EGP,https://seoudisupermarket.com/en/sunny-sunflower-oil-750-ml,Out of Stock,,2026-09-14 18:21:38.875671,
133,Seoudi Supermarket,Slite Corn Oil - 1.5 Liters,141.75 EGP,,,Oil,,1.5,L,,EGP,https://seoudisupermarket.com/en/slite-corn-oil-1-5-liters,Out of Stock,,2026-09-14 18:21:38.876670,
134,Seoudi Supermarket,"Shahd Sunflower Oil, 800 ml + Shahd Vinegar - 900 ml",86.95 EGP,,,Oil,,800.0,ml,,EGP,https://seoudisupermarket.com/en/shahd-sunflower-oil-800-ml-shahd-vinegar-900-ml,Out of Stock,,2026-09-14 18:21:38.877670,
135,Seoudi Supermarket,"Afia Corn Oil, 2.2 Liter + Osra Free Sugar, 1 Kg",249.45 EGP,,,Oil,,2.2,L,,EGP,https://seoudisupermarket.com/en/afia-corn-oil-2-2-liter-osra-free-sugar-1-kg,Out of Stock,,2026-09-14 18:21:38.878669,
136,Seoudi Supermarket,Imtenan Fractionated Coconut Oil - 250 ml,324.95 EGP,,,Oil,,250.0,ml,,EGP,https://seoudisupermarket.com/en/imtenan-fractionated-coconut-oil-250-ml,Out of Stock,,2026-09-14 18:21:38.879672,
137,Seoudi Supermarket,Choice Sesame Oil - 250 ml,177.95 EGP,,,Oil,,250.0,ml,,EGP,https://seoudisupermarket.com/en/choice-sesame-oil-250-ml,Out of Stock,,2026-09-14 18:21:38.880670,
138,Seoudi Supermarket,Roots Black Seed Oil - 250 ml,209.95 EGP,,,Oil,,250.0,ml,,EGP,https://seoudisupermarket.com/en/roots-black-seed-oil-250-ml,Out of Stock,,2026-09-14 18:21:38.881670,
139,Seoudi Supermarket,Slite Corn Oil - 2.25 Liters,179.95 EGP,,,Oil,,2.25,L,,EGP,https://seoudisupermarket.com/en/slite-corn-oil-2-25-liters,Out of Stock,,2026-09-14 18:21:38.882671,
140,Seoudi Supermarket,Riviere Dor Extra Virgin Olive Oil - 500 ml,344.95 EGP,,,Oil,,500.0,ml,,EGP,https://seoudisupermarket.com/en/riviere-dor-extra-virgin-olive-oil-500-ml,Out of Stock,,2026-09-14 18:21:38.883671,
141,Seoudi Supermarket,Marvel Greek Olive Oil - 250 ml,219.95 EGP,,,Oil,,250.0,ml,,EGP,https://seoudisupermarket.com/en/marvel-greek-olive-oil-250-ml,Out of Stock,,2026-09-14 18:21:38.885672,
142,Seoudi Supermarket,Khoshala Extra Virgin Olive Oil  - 250 ml,209.95 EGP,,,Oil,,250.0,ml,,EGP,https://seoudisupermarket.com/en/khoshala-extra-virgin-olive-oil-250-ml,Out of Stock,,2026-09-14 18:21:38.886671,
143,Seoudi Supermarket,Slite Sunflower Oil - 2.25 Liter,204.95 EGP,,,Oil,,2.25,L,,EGP,https://seoudisupermarket.com/en/slite-sunflower-oil-2-25-liter,Out of Stock,,2026-09-14 18:21:38.887671,
144,Seoudi Supermarket,Borges Extra Virgin Olive Oil - 500 ml + 50% ml,534.95 EGP,,,Oil,,500.0,ml,,EGP,https://seoudisupermarket.com/en/borges-extra-virgin-olive-oil-500-ml-50-ml,Out of Stock,,2026-09-14 18:21:38.888672,
145,Seoudi Supermarket,Sunny Sunflower Oil - 1.5 Liters,164.95 EGP,,,Oil,,1.5,L,,EGP,https://seoudisupermarket.com/en/sunny-sunflower-oil-1-5-liters,Out of Stock,,2026-09-14 18:21:38.889675,
146,Seoudi Supermarket,Borges Extra Virgin Olive Oil - 250 ml,249.95 EGP,,,Oil,,250.0,ml,,EGP,https://seoudisupermarket.com/en/borges-extra-virgin-olive-oil-250-ml,Out of Stock,,2026-09-14 18:21:38.890671,
147,Seoudi Supermarket,Sindbad Mixed Oil for Cooking & Frying - 1 Liter,84.95 EGP,,,Oil,,1.0,L,,EGP,https://seoudisupermarket.com/en/sindbad-mixed-oil-1-liter,Out of Stock,,2026-09-14 18:21:38.891671,
148,Seoudi Supermarket,"Mafaza Extra Virgin Olive Oil, Glass Bottle - 500 ml",582.45 EGP,,,Oil,,500.0,ml,,EGP,https://seoudisupermarket.com/en/mafaza-extra-virgin-olive-oil-glass-bottle-500-ml,Out of Stock,,2026-09-14 18:21:38.892671,
149,Seoudi Supermarket,Gold River Olive Oil - 1 Liter,634.95 EGP,,,Oil,,1.0,L,,EGP,https://seoudisupermarket.com/en/gold-river-olive-oil-1-liter,Out of Stock,,2026-09-14 18:21:38.893672,
150,Seoudi Supermarket,Shahd Corn Oil - 800 ml,99.96 EGP,,,Oil,,800.0,ml,,EGP,https://seoudisupermarket.com/en/shahd-corn-oil-800-ml,Out of Stock,,2026-09-14 18:21:47.791937,
151,Seoudi Supermarket,Crystal Corn Oil - 2.2 Liter,283.95 EGP,,,Oil,,2.2,L,,EGP,https://seoudisupermarket.com/en/crystal-corn-oil-2-2-liter,Out of Stock,,2026-09-14 18:21:47.792938,
152,Seoudi Supermarket,"Borges Extra Virgin Olive Oil, 750 ml + 33% ml",754.95 EGP,,,Oil,,750.0,ml,,EGP,https://seoudisupermarket.com/en/borges-extra-virgin-olive-oil-750-ml-33-ml,Out of Stock,,2026-09-14 18:21:47.793936,
153,Seoudi Supermarket,Hla Sunflower Oil - 750 ml,71.95 EGP,,,Oil,,750.0,ml,,EGP,https://seoudisupermarket.com/en/hla-sunflower-oil-750-ml,Out of Stock,,2026-09-14 18:21:47.794936,
154,Seoudi Supermarket,Iliada Virgin Olive Oil - 1 Liter,612.45 EGP,,,Oil,,1.0,L,,EGP,https://seoudisupermarket.com/en/iliada-extra-virgin-olive-oil-1-liter,Out of Stock,,2026-09-14 18:21:47.795941,
155,Seoudi Supermarket,RS Spanish Olive Oil - 500 ml,506.95 EGP,,,Oil,,500.0,ml,,EGP,https://seoudisupermarket.com/en/rs-spanish-olive-oil-500-ml,Out of Stock,,2026-09-14 18:21:47.796935,
156,Seoudi Supermarket,Haboba Mixed Oil for Cooking & Frying - 700 ml,55.45 EGP,,,Oil,,700.0,ml,,EGP,https://seoudisupermarket.com/en/haboba-mixed-oil-700-ml,Out of Stock,,2026-09-14 18:21:47.797936,
157,Seoudi Supermarket,Mafaza Extra Virgin Olive Oil - 350 ml,364.95 EGP,,,Oil,,350.0,ml,404.95 EGP,EGP,https://seoudisupermarket.com/en/mafaza-extra-virgin-olive-oil-350-ml,Out of Stock,,2026-09-14 18:21:47.797936,- 10%
158,Seoudi Supermarket,Golden Alfa Mixed Oil for Cooking & Frying - 700 ml,51.95 EGP,,,Oil,,700.0,ml,,EGP,https://seoudisupermarket.com/en/golden-alfa-mixed-oil-700-ml,Out of Stock,,2026-09-14 18:21:47.798939,
159,Seoudi Supermarket,Borges Olive Oil - 750 ml,673.95 EGP,,,Oil,,750.0,ml,,EGP,https://seoudisupermarket.com/en/borges-olive-oil-750-ml,Out of Stock,,2026-09-14 18:21:47.799936,
160,Seoudi Supermarket,Pam Olive Oil Spray - 141 g,389.45 EGP,,,Oil,,141.0,g,,EGP,https://seoudisupermarket.com/en/pam-olive-oil-spray-141-g,Out of Stock,,2026-09-14 18:21:47.800938,
161,Seoudi Supermarket,Sunny Sunflower Oil - 750 ml,75.45 EGP,,,Oil,,750.0,ml,,EGP,https://seoudisupermarket.com/en/sunny-sunflower-oil-750-ml-l,Out of Stock,,2026-09-14 18:21:47.801936,
162,Seoudi Supermarket,Mafaza Extra Virgin Olive Oil - 500 ml,419.95 EGP,,,Oil,,500.0,ml,464.95 EGP,EGP,https://seoudisupermarket.com/en/mafaza-extra-virgin-olive-oil-500-ml,Out of Stock,,2026-09-14 18:21:47.801936,- 10%
163,Seoudi Supermarket,Colavita Olive Oil - 250 ml,289.95 EGP,,,Oil,,250.0,ml,,EGP,https://seoudisupermarket.com/en/colavita-olive-oil-250-ml,Out of Stock,,2026-09-14 18:21:47.802936,
164,Seoudi Supermarket,Monini Classic Olive Oil - 250 ml,399.95 EGP,,,Oil,,250.0,ml,,EGP,https://seoudisupermarket.com/en/monini-classic-olive-oil-250-ml,Out of Stock,,2026-09-14 18:21:47.803942,
165,Seoudi Supermarket,Isis Extra Virgin Olive Oil - 500 ml,389.95 EGP,,,Oil,,500.0,ml,459.95 EGP,EGP,https://seoudisupermarket.com/en/isis-extra-virgin-olive-oil-500-ml,Out of Stock,,2026-09-14 18:21:47.804937,- 15%
166,Seoudi Supermarket,Iliada Organic Olive Oil - 500 ml,687.95 EGP,,,Oil,,500.0,ml,,EGP,https://seoudisupermarket.com/en/iliada-organic-olive-oil-500-ml,Out of Stock,,2026-09-14 18:21:47.805937,
167,Seoudi Supermarket,Morgana Oil - 700 ml,49.95 EGP,,,Oil,,700.0,ml,59.95 EGP,EGP,https://seoudisupermarket.com/en/morgana-oil-700-ml,Out of Stock,,2026-09-14 18:21:47.806937,- 17%
168,Seoudi Supermarket,Loro Sunflower Oil - 1 Liter,104.95 EGP,,,Oil,,1.0,L,,EGP,https://seoudisupermarket.com/en/loro-sunflower-oil-1-liter,Out of Stock,,2026-09-14 18:21:47.807938,
169,Seoudi Supermarket,Afia Sunflower Oil - 800 ml,63.95 EGP,,,Oil,,800.0,ml,,EGP,https://seoudisupermarket.com/en/afia-sunflower-oil-800-ml,Out of Stock,,2026-09-14 18:21:47.808937,
170,Seoudi Supermarket,Borges Hojiblanca Olive Oil - 500 ml,504.95 EGP,,,Oil,,500.0,ml,,EGP,https://seoudisupermarket.com/en/borges-hojiblanca-olive-oil-500-ml,Out of Stock,,2026-09-14 18:21:47.808937,
171,Seoudi Supermarket,El Aghsan Extra Virgin Olive Oil - 250 g,149.95 EGP,,,Oil,,250.0,g,,EGP,https://seoudisupermarket.com/en/el-aghsan-extra-virgin-olive-oil-250-g,Out of Stock,,2026-09-14 18:21:47.809936,
172,Seoudi Supermarket,Wadi Food Virgin Olive Oil - 2 Liter,"1,521.75 EGP",,,Oil,,2.0,L,,EGP,https://seoudisupermarket.com/en/wadi-food-virgin-olive-oil-2-liter,Out of Stock,,2026-09-14 18:21:47.810936,
173,Seoudi Supermarket,Loro Sunflower Oil - 2.25 Liter,232.91 EGP,,,Oil,,2.25,L,,EGP,https://seoudisupermarket.com/en/loro-sunflower-oil-2-25-liter,Out of Stock,,2026-09-14 18:21:47.811934,
174,Seoudi Supermarket,Divine Organic Virgin Coconut Oil - 300 ml,349.95 EGP,,,Oil,,300.0,ml,,EGP,https://seoudisupermarket.com/en/divine-organic-virgin-coconut-oil-300-ml,Out of Stock,,2026-09-14 18:21:47.812934,
175,Seoudi Supermarket,Borges Olive Oil - 250 ml,239.45 EGP,,,Oil,,250.0,ml,,EGP,https://seoudisupermarket.com/en/borges-olive-oil-250-ml,Out of Stock,,2026-09-14 18:21:47.812934,
176,Seoudi Supermarket,Iliada Extra Olive Oil - 750 ml,905.95 EGP,,,Oil,,750.0,ml,,EGP,https://seoudisupermarket.com/en/iliada-extra-olive-oil-750-ml,Out of Stock,,2026-09-14 18:21:47.813934,
177,Seoudi Supermarket,Boulos Olive Oil Squeeze - 250 ml,309.95 EGP,,,Oil,,250.0,ml,,EGP,https://seoudisupermarket.com/en/boulos-olive-oil-squeeze-250-ml,Out of Stock,,2026-09-14 18:21:47.814937,
178,Seoudi Supermarket,Aroma Sunflower Oil - 900 ml,80.75 EGP,,,Oil,,900.0,ml,,EGP,https://seoudisupermarket.com/en/aroma-sunflower-oil-900-ml,Out of Stock,,2026-09-14 18:21:47.815936,
179,Seoudi Supermarket,De Cecco Extra Virgin Olive Oil - 750 ml,624.95 EGP,,,Oil,,750.0,ml,,EGP,https://seoudisupermarket.com/en/de-cecco-extra-virgin-olive-oil-750-ml,Out of Stock,,2026-09-14 18:21:47.816932,
180,Seoudi Supermarket,Slite Sunflower Oil - 750 ml,71.95 EGP,,,Oil,,750.0,ml,,EGP,https://seoudisupermarket.com/en/slite-sunflower-oil-750-ml,Out of Stock,,2026-09-14 18:21:47.816932,
181,Seoudi Supermarket,Slite Ultimate Purity Pure Corn Oil - 750 ml,83.75 EGP,,,Oil,,750.0,ml,,EGP,https://seoudisupermarket.com/en/slite-ultimate-purity-pure-corn-oil-750-ml,Out of Stock,,2026-09-14 18:21:47.817932,
182,Seoudi Supermarket,Iliada Premium Olive Oil - 500 ml,414.95 EGP,,,Oil,,500.0,ml,593.95 EGP,EGP,https://seoudisupermarket.com/en/iliada-premium-olive-oil-500-ml,Out of Stock,,2026-09-14 18:21:47.818932,- 30%
183,Seoudi Supermarket,Borges Extra Light Olive Oil - 500 ml,479.95 EGP,,,Oil,,500.0,ml,,EGP,https://seoudisupermarket.com/en/borges-extra-light-olive-oil-500-ml,Out of Stock,,2026-09-14 18:21:47.818932,
184,Seoudi Supermarket,Mafaza Olive Oil with Garlic - 250 ml,239.95 EGP,,,Oil,,250.0,ml,272.45 EGP,EGP,https://seoudisupermarket.com/en/mafaza-olive-oil-with-garlic-250-ml,Out of Stock,,2026-09-14 18:21:47.819933,- 12%
185,Seoudi Supermarket,Borges Arbequina Olive Oil - 500 ml,504.95 EGP,,,Oil,,500.0,ml,,EGP,https://seoudisupermarket.com/en/borges-arbequina-olive-oil-500-ml,Out of Stock,,2026-09-14 18:21:47.819933,
186,Seoudi Supermarket,Wadi Food Extra Virgin Olive Oil - 1 Liter + Virgin Olive Oil - 500 ml,888.95 EGP,,,Oil,,1.0,L,,EGP,https://seoudisupermarket.com/en/wadi-food-extra-virgin-olive-oil-1-liter-plus-500-ml,Out of Stock,,2026-09-14 18:21:47.820934,
187,Seoudi Supermarket,El Aghsan Extra Virgin Olive Oil - 500 g,284.95 EGP,,,Oil,,500.0,g,,EGP,https://seoudisupermarket.com/en/el-aghsan-extra-virgin-olive-oil-500-g,Out of Stock,,2026-09-14 18:21:47.821933,
188,Seoudi Supermarket,Gold River Organic Olive Oil - 1 Liter,714.95 EGP,,,Oil,,1.0,L,,EGP,https://seoudisupermarket.com/en/gold-river-organic-olive-oil-1-liter,Out of Stock,,2026-09-14 18:21:47.821933,
189,Seoudi Supermarket,Terra Extra Virgin Olive Oil - 250 ml,319.95 EGP,,,Oil,,250.0,ml,,EGP,https://seoudisupermarket.com/en/terra-extra-virgin-olive-oil-250-ml,Out of Stock,,2026-09-14 18:21:47.822933,
190,Seoudi Supermarket,"Afia Plus Corn Oil, 2.2 Liter + Osra Free Sugar, 1 Kg",229.45 EGP,,,Oil,,2.2,L,,EGP,https://seoudisupermarket.com/en/afia-plus-corn-oil-2-2-liter-osra-free-sugar-1-kg,Out of Stock,,2026-09-14 18:21:47.823941,
191,Seoudi Supermarket,Borges Canola Oil - 1 Liter,199.95 EGP,,,Oil,,1.0,L,,EGP,https://seoudisupermarket.com/en/borges-canola-oil-1-liter,Out of Stock,,2026-09-14 18:21:47.823941,
192,Seoudi Supermarket,RS Olive Oil - 500 ml,709.95 EGP,,,Oil,,500.0,ml,,EGP,https://seoudisupermarket.com/en/rs-olive-oil-500-ml,Out of Stock,,2026-09-14 18:21:47.824939,
193,Seoudi Supermarket,Monini GranFruttato Extra Virgin Olive Oil - 500 ml,816.45 EGP,,,Oil,,500.0,ml,,EGP,https://seoudisupermarket.com/en/monini-granfruttato-extra-virgin-olive-oil-500-ml,Out of Stock,,2026-09-14 18:21:47.824939,
194,Seoudi Supermarket,El Mazraa Flax Oil - 250 ml,86.75 EGP,,,Oil,,250.0,ml,,EGP,https://seoudisupermarket.com/en/el-mazraa-flax-oil-250-ml,Out of Stock,,2026-09-14 18:21:47.825939,
195,Seoudi Supermarket,Illada Kalamata Olive Oil Squeeze - 500 ml,479.95 EGP,,,Oil,,500.0,ml,687.45 EGP,EGP,https://seoudisupermarket.com/en/illada-kalamata-olive-oil-squeeze-500-ml,Out of Stock,,2026-09-14 18:21:47.826940,- 30%
196,Seoudi Supermarket,iliada Extra Virgin Light Olive Oil - 500 ml,687.95 EGP,,,Oil,,500.0,ml,,EGP,https://seoudisupermarket.com/en/iliada-extra-virgin-lite-olive-oil-500-ml,Out of Stock,,2026-09-14 18:21:47.826940,
197,Seoudi Supermarket,Afia Sunflower Oil - 1.6 Liter,173.95 EGP,,,Oil,,1.6,L,,EGP,https://seoudisupermarket.com/en/afia-sunflower-oil-1-6-liter,Out of Stock,,2026-09-14 18:21:47.827938,
198,Seoudi Supermarket,Karma Foods Pure Virgin Olive Oil - 250 ml,144.95 EGP,,,Oil,,250.0,ml,,EGP,https://seoudisupermarket.com/en/karma-foods-pure-virgin-olive-oil-250-ml,Out of Stock,,2026-09-14 18:21:47.827938,
199,Seoudi Supermarket,Mafaza Olive Oil with Basil - 250 ml,239.95 EGP,,,Oil,,250.0,ml,272.45 EGP,EGP,https://seoudisupermarket.com/en/mafaza-olive-oil-with-basil-250-ml,Out of Stock,,2026-09-14 18:21:47.828939,- 12%
200,Seoudi Supermarket,Afia Corn Oil - 800 ml,73.95 EGP,,,Oil,,800.0,ml,,EGP,https://seoudisupermarket.com/en/afia-corn-oil-800-ml,Out of Stock,,2026-09-14 18:21:55.751278,
201,Seoudi Supermarket,Karma Natural Chili Oil - 250 ml,229.95 EGP,,,Oil,,250.0,ml,,EGP,https://seoudisupermarket.com/en/karma-natural-chili-oil-250-ml,Out of Stock,,2026-09-14 18:21:55.751278,
202,Seoudi Supermarket,Borges Extra Virgin Olive Oil - 750 ml,704.95 EGP,,,Oil,,750.0,ml,,EGP,https://seoudisupermarket.com/en/borges-extra-virgin-olive-oil-750-ml,Out of Stock,,2026-09-14 18:21:55.752278,
203,Seoudi Supermarket,Borges Extra Virgin Olive Oil - 500 ml,469.95 EGP,,,Oil,,500.0,ml,,EGP,https://seoudisupermarket.com/en/borges-extra-virgin-olive-oil-500-ml,Out of Stock,,2026-09-14 18:21:55.753278,
204,Seoudi Supermarket,City Oil Mixed Oil for Cooking & Frying - 600 ml,43.25 EGP,,,Oil,,600.0,ml,,EGP,https://seoudisupermarket.com/en/city-oil-mixed-oil-600-ml,Out of Stock,,2026-09-14 18:21:55.753278,
205,Seoudi Supermarket,Iliada Lakonia Olive Oil - 500 ml,593.95 EGP,,,Oil,,500.0,ml,,EGP,https://seoudisupermarket.com/en/iliada-lakonia-olive-oil-500-ml,Out of Stock,,2026-09-14 18:21:55.754278,
206,Seoudi Supermarket,iliada Extra Virgin Olive Oil - 500 ml,687.95 EGP,,,Oil,,500.0,ml,,EGP,https://seoudisupermarket.com/en/%D8%A7%D9%84%D9%8A%D8%A7%D8%AF%D8%A7-%D8%AC%D9%88%D9%84%D8%AF-%D8%B3%D9%8A%D8%AA%D9%8A%D8%A7-%D8%A7%D9%83%D8%B3%D8%AA%D8%B1%D8%A7-500%D9%85%D9%84-5201043113022,Out of Stock,,2026-09-14 18:21:55.755277,
207,Seoudi Supermarket,Shahd Sunflower Oil - 1.5 Liters,162.93 EGP,,,Oil,,1.5,L,,EGP,https://seoudisupermarket.com/en/shahd-sunflower-oil-1-5-liters,Out of Stock,,2026-09-14 18:21:55.755277,
208,Seoudi Supermarket,Terra Organic Olive Oil - 500 ml,589.95 EGP,,,Oil,,500.0,ml,,EGP,https://seoudisupermarket.com/en/terra-organic-olive-oil-500-ml,Out of Stock,,2026-09-14 18:21:55.756278,
209,Seoudi Supermarket,Boulos Extra Virgin Olive Oil - 250 ml,269.95 EGP,,,Oil,,250.0,ml,,EGP,https://seoudisupermarket.com/en/boulos-extra-virgin-olive-oil-250-ml,Out of Stock,,2026-09-14 18:21:55.757278,
210,Seoudi Supermarket,Roots Sesame Oil - 250 ml,172.45 EGP,,,Oil,,250.0,ml,,EGP,https://seoudisupermarket.com/en/roots-sesame-oil-250-ml,Out of Stock,,2026-09-14 18:21:55.757278,
211,Seoudi Supermarket,Borges Classic Olive Oil - 1 Liter,863.75 EGP,,,Oil,,1.0,L,,EGP,https://seoudisupermarket.com/en/borges-classic-olive-oil-1-liter,Out of Stock,,2026-09-14 18:21:55.758278,
212,Seoudi Supermarket,Mafaza Extra Virgin Olive Oil - 250 ml,259.95 EGP,,,Oil,,250.0,ml,268.75 EGP,EGP,https://seoudisupermarket.com/en/mafaza-extra-virgin-olive-oil-250-ml,Out of Stock,,2026-09-14 18:21:55.759278,- 3%
213,Seoudi Supermarket,Sunny Cooking & Frying Oil Enriched with Vitamins - 5 Liters,499.95 EGP,,,Oil,,5.0,L,,EGP,https://seoudisupermarket.com/en/sunny-cooking-and-frying-oil-enriched-with-vitamins-5-liters,Out of Stock,,2026-09-14 18:21:55.759278,
214,Seoudi Supermarket,Gold River Organic Olive Oil - 500 ml,399.95 EGP,,,Oil,,500.0,ml,,EGP,https://seoudisupermarket.com/en/gold-river-organic-olive-oil-500-ml,Out of Stock,,2026-09-14 18:21:55.760279,
215,Seoudi Supermarket,Domaine Natroun Extra Virgin Olive Oil - 500 ml,"1,044.75 EGP",,,Oil,,500.0,ml,,EGP,https://seoudisupermarket.com/en/domaine-natroun-extra-virgin-olive-oil-500-ml,Out of Stock,,2026-09-14 18:21:55.760279,
216,Seoudi Supermarket,Riviere Dor Extra Virgin Olive Oil - 250 ml,194.95 EGP,,,Oil,,250.0,ml,,EGP,https://seoudisupermarket.com/en/riviere-dor-extra-virgin-olive-oil-250-ml,Out of Stock,,2026-09-14 18:21:55.761277,
217,Seoudi Supermarket,Shahd Sunflower Oil - 800 ml,78.97 EGP,,,Oil,,800.0,ml,,EGP,https://seoudisupermarket.com/en/shahd-sunflower-oil-800-ml,Out of Stock,,2026-09-14 18:21:55.762278,
218,Seoudi Supermarket,Al Asil Corn Oil - 2.25 Liter,239.5 EGP,,,Oil,,2.25,L,,EGP,https://seoudisupermarket.com/en/al-asil-corn-oil-2-25-liter,Out of Stock,,2026-09-14 18:21:55.762278,
