scrape_id,store,product_name,current_price,original_price,currency,brand,product_type,category,subcategory,weight_value,weight_unit,product_url,availability,search_term_ar,scraped_at,discount
1,Seoudi Supermarket,Dutch Light Gouda Cheese,106.88,,EGP,,Cheese,Cheese & Labneh,Gouda,0.125,Kg,https://seoudisupermarket.com/en/dutch-light-gouda-cheese,In Stock,,2026-09-14 18:45:46.491557
2,Seoudi Supermarket,Goat Gouda Cheese Roquefort,218.63,,EGP,,Cheese,Cheese & Labneh,Gouda,0.125,Kg,https://seoudisupermarket.com/en/goat-gouda-cheese-roquefort,In Stock,,2026-09-14 18:45:46.496555
3,Seoudi Supermarket,Dodoni Halloumi Cheese with Basil,250,,EGP,Dodoni,Cheese,Cheese & Labneh,Halloumi,225.0,g,https://seoudisupermarket.com/en/dodoni-halloumi-cheese-with-basil-225-g,In Stock,,2026-09-14 18:45:46.496555
4,Seoudi Supermarket,Dodoni Halloumi Cheese with Chili Pepper,250,,EGP,Dodoni,Cheese,Cheese & Labneh,Halloumi,225.0,g,https://seoudisupermarket.com/en/dodoni-halloumi-cheese-with-chili-pepper-225-g,In Stock,,2026-09-14 18:45:46.497555
5,Seoudi Supermarket,Almarai Feta Cheese,92.95,,EGP,Almarai,Cheese,Cheese & Labneh,Feta,1.0,kg,https://seoudisupermarket.com/en/%D8%A7%D9%84%D9%85%D8%B1%D8%A7%D8%B9%D9%89-%D8%AC%D8%A8%D9%86%D8%A9-%D9%81%D9%8A%D8%AA%D8%A7-1-%D9%83%D8%AC%D9%85,In Stock,,2026-09-14 18:45:46.498555
6,Seoudi Supermarket,Yopolis Istanbuli Cheese Free from Vegetable Oils,114.75,135,EGP,Yopolis,Cheese,Cheese & Labneh,Istanbuli,450.0,g,https://seoudisupermarket.com/en/yopolis-istanbuli-cheese-free-from-vegetable-oils-450-g,In Stock,,2026-09-14 18:45:46.499555,15
7,Seoudi Supermarket,Yopolis Baramili Cheese Free from Vegetable Oils,114.75,135,EGP,Yopolis,Cheese,Cheese & Labneh,Baramili,450.0,g,https://seoudisupermarket.com/en/yopolis-baramili-cheese-free-from-vegetable-oils-450-g,In Stock,,2026-09-14 18:45:46.500557,15
8,Seoudi Supermarket,Yopolis Double Cream Cheese Free from Vegetable Oils,125,150,EGP,Yopolis,Cheese,Cheese & Labneh,Cream Cheese,450.0,g,https://seoudisupermarket.com/en/yopolis-double-cream-cheese-free-from-vegetable-oils-450-g,In Stock,,2026-09-14 18:45:46.501556,17
9,Seoudi Supermarket,Yopolis Feta Cheese Free from Vegetable Oils,114.75,135,EGP,Yopolis,Cheese,Cheese & Labneh,Feta,450.0,g,https://seoudisupermarket.com/en/yopolis-feta-cheese-free-from-vegetable-oils-450-g,In Stock,,2026-09-14 18:45:46.502556,15
10,Seoudi Supermarket,Domty Burger Flavored Cheddar Cheese Sauce,72.95,83.95,EGP,Domty,Cheese,Cheese & Labneh,,250.0,g,https://seoudisupermarket.com/en/domty-burger-flavored-cheddar-cheese-sauce-250-g,In Stock,,2026-09-14 18:45:46.503557,13
11,Seoudi Supermarket,Domty Smoked Cheddar Cheese Sauce,72.95,83.95,EGP,Domty,Cheese,Cheese & Labneh,,250.0,g,https://seoudisupermarket.com/en/domty-smoked-cheddar-cheese-sauce-250-g,In Stock,,2026-09-14 18:45:46.503557,13
12,Seoudi Supermarket,Valley Cheddar Cheese Slices,135,,EGP,Valley,Cheese,Cheese & Labneh,,10,Pieces,https://seoudisupermarket.com/en/%D9%81%D8%A7%D9%84%D9%89-%D8%AC%D8%A8%D9%86%D8%A9-%D8%B4%D9%8A%D8%AF%D8%B1%D8%B4%D8%B1%D8%A7%D8%A6%D8%AD10%D9%82,In Stock,,2026-09-14 18:45:46.504557
13,Seoudi Supermarket,Blue River Cheddar Cheese with Pepper Slices,153,,EGP,Blue River,Cheese,Cheese & Labneh,,10,Pieces,https://seoudisupermarket.com/en/%D8%A8%D9%84%D9%88-%D8%B1%D9%8A%D9%81%D8%B1%D8%AC%D8%A8%D9%86%D8%A9-%D8%B4%D9%8A%D8%AF%D8%B1%D9%81%D9%84%D9%81%D9%84-%D8%B4%D8%B1%D8%A7%D8%A6%D8%AD10%D9%82,In Stock,,2026-09-14 18:45:46.505559
14,Seoudi Supermarket,Blue River Smoked Cheddar Cheese Slices,153,,EGP,Blue River,Cheese,Cheese & Labneh,,10,Pieces,https://seoudisupermarket.com/en/%D8%A8%D9%84%D9%88-%D8%B1%D9%8A%D9%81%D8%B1%D8%AC%D8%A8%D9%86%D8%A9-%D8%B4%D9%8A%D8%AF%D8%B1%D9%85%D8%AF%D8%AE%D9%86-%D8%B4%D8%B1%D8%A7%D8%A6%D8%AD10%D9%82,In Stock,,2026-09-14 18:45:46.506560
15,Seoudi Supermarket,Almarai Creamy Cheese,205,,EGP,Almarai,Cheese,Cheese & Labneh,Creamy Cheese,500.0,g,https://seoudisupermarket.com/en/almarai-creamy-cheese-500-g,In Stock,,2026-09-14 18:45:46.506560
16,Seoudi Supermarket,Almarai Triangle Cheese,104.95,120,EGP,Almarai,Cheese,Cheese & Labneh,Triangle Cheese,24,Pieces,https://seoudisupermarket.com/en/almarai-triangle-cheese-24-pieces,In Stock,,2026-09-14 18:45:46.507556,13
17,Seoudi Supermarket,Almarai Triangle Cheese,72.95,80,EGP,Almarai,Cheese,Cheese & Labneh,Triangle Cheese,16,Pieces,https://seoudisupermarket.com/en/almarai-triangle-cheese-16-pieces,In Stock,,2026-09-14 18:45:46.508556,9
18,Seoudi Supermarket,Almarai Triangle Cheese,38.95,50,EGP,Almarai,Cheese,Cheese & Labneh,Triangle Cheese,8,Pieces,https://seoudisupermarket.com/en/almarai-triangle-cheese-8-pieces,In Stock,,2026-09-14 18:45:46.509557,22
19,Seoudi Supermarket,Obour Land Gold Feta Cheese,43.25,51.25,EGP,Obour Land,Cheese,Cheese & Labneh,Feta,250.0,g,https://seoudisupermarket.com/en/obour-land-gold-feta-cheese-250-g,In Stock,,2026-09-14 18:45:46.509557,16
20,Seoudi Supermarket,Panda Gourmet Feta Cheese,42.95,,EGP,Panda,Cheese,Cheese & Labneh,Feta,250.0,g,https://seoudisupermarket.com/en/panda-gourmet-feta-cheese-250-g,In Stock,,2026-09-14 18:45:46.510557
21,Seoudi Supermarket,Juhayna Labneh with Tomato and Basil,199.95,,EGP,Juhayna,Labneh,Cheese & Labneh,Labneh,500.0,g,https://seoudisupermarket.com/en/juhayna-labneh-with-tomato-and-basil-500-g,In Stock,,2026-09-14 18:45:46.511556
22,Seoudi Supermarket,Juhayna Labneh with Tomato and Basil,120,,EGP,Juhayna,Labneh,Cheese & Labneh,Labneh,250.0,g,https://seoudisupermarket.com/en/juhayna-labneh-with-tomato-and-basil-250-g,In Stock,,2026-09-14 18:45:46.512556
23,Seoudi Supermarket,Juhayna Labneh with Olive Oil and Thyme,199.95,,EGP,Juhayna,Labneh,Cheese & Labneh,Labneh,500.0,g,https://seoudisupermarket.com/en/juhayna-labneh-with-olive-oil-and-thyme-500-g,In Stock,,2026-09-14 18:45:46.512556
24,Seoudi Supermarket,Juhayna Labneh with Olive Oil and Thyme,120,,EGP,Juhayna,Labneh,Cheese & Labneh,Labneh,250.0,g,https://seoudisupermarket.com/en/juhayna-labneh-with-olive-oil-and-thyme-250-g,In Stock,,2026-09-14 18:45:46.513557
25,Seoudi Supermarket,Almarai Feta Cheese with Edam Flavor,25.95,,EGP,Almarai,Cheese,Cheese & Labneh,Edam,250.0,g,https://seoudisupermarket.com/en/almarai-feta-cheese-with-edam-flavor-250-g,In Stock,,2026-09-14 18:45:46.514562
26,Seoudi Supermarket,Yopolis Creamy Cheese with Onion,88,98,EGP,Yopolis,Cheese,Cheese & Labneh,Creamy Cheese,225.0,g,https://seoudisupermarket.com/en/yopolis-creamy-cheese-with-onion-225-g,In Stock,,2026-09-14 18:45:46.515557,10
27,Seoudi Supermarket,Yopolis Creamy Cheese with Tomato,88,98,EGP,Yopolis,Cheese,Cheese & Labneh,Creamy Cheese,225.0,g,https://seoudisupermarket.com/en/yopolis-creamy-cheese-with-tomato-225-g,In Stock,,2026-09-14 18:45:46.516556,10
28,Seoudi Supermarket,Gurbet Roquefort Cheese,120,,EGP,Gurbet,Cheese,Cheese & Labneh,Roquefort,100.0,g,https://seoudisupermarket.com/en/gurbet-roquefort-cheese-100-g,In Stock,,2026-09-14 18:45:46.517555
29,Seoudi Supermarket,Old Roumy Cheese,39.38,,EGP,,Cheese,Cheese & Labneh,Roumy,0.125,Kg,https://seoudisupermarket.com/en/old-roumy-cheese,In Stock,,2026-09-14 18:45:46.518554
30,Seoudi Supermarket,Natural Yellow Cheddar Cheese,49.38,,EGP,,Cheese,Cheese & Labneh,,0.125,Kg,https://seoudisupermarket.com/en/yellow-cheddar-cheese,In Stock,,2026-09-14 18:45:46.518554
31,Seoudi Supermarket,Dutch Gouda Cheese,63.13,,EGP,,Cheese,Cheese & Labneh,Gouda,0.125,Kg,https://seoudisupermarket.com/en/dutch-gouda-cheese,In Stock,,2026-09-14 18:45:46.519554
32,Seoudi Supermarket,Dutch Edam Cheese,71.13,,EGP,,Cheese,Cheese & Labneh,Edam,0.125,Kg,https://seoudisupermarket.com/en/%D8%AC%D8%A8%D9%86%D8%A9-%D9%81%D9%84%D9%85%D9%86%D9%83-%D9%87%D9%88%D9%84%D9%86%D8%AF%D9%89-%D9%88%D8%B2%D9%86-2005459000000,In Stock,,2026-09-14 18:45:46.520555
33,Seoudi Supermarket,King Cheese Natural Mozzarella,215,280,EGP,King Cheese,Cheese,Cheese & Labneh,Mozzarella,1.0,kg,https://seoudisupermarket.com/en/king-cheese-natural-mozzarella-1-kg,In Stock,,2026-09-14 18:45:46.521555,23
34,Seoudi Supermarket,Kiri Turkish Labneh with Thyme,139.95,180,EGP,Kiri,Labneh,Cheese & Labneh,Labneh,300.0,g,https://seoudisupermarket.com/en/kiri-turkish-labneh-with-thyme-300-g,In Stock,,2026-09-14 18:45:46.521555,22
35,Seoudi Supermarket,Kiri Turkish Labneh,139.95,180,EGP,Kiri,Labneh,Cheese & Labneh,Labneh,300.0,g,https://seoudisupermarket.com/en/kiri-turkish-labneh-300-g,In Stock,,2026-09-14 18:45:46.522555,22
36,Seoudi Supermarket,Kiri Turkish Labneh,71.95,92,EGP,Kiri,Labneh,Cheese & Labneh,Labneh,150.0,g,https://seoudisupermarket.com/en/kiri-turkish-labneh-150-g,In Stock,,2026-09-14 18:45:46.523554,22
37,Seoudi Supermarket,Seoudi Cottage Cheese,65,,EGP,Seoudi,Cheese,Cheese & Labneh,Cottage Cheese,0.5,Kg,https://seoudisupermarket.com/en/seoudi-cottage-cheese,In Stock,,2026-09-14 18:45:46.523554
38,Seoudi Supermarket,Obour Land Natural Feta Cheese,94,,EGP,Obour Land,Cheese,Cheese & Labneh,Feta,500.0,g,https://seoudisupermarket.com/en/obour-land-natural-feta-cheese-500-g,In Stock,,2026-09-14 18:45:46.524554
39,Seoudi Supermarket,Dina Farms Triangle Cheese,89.95,,EGP,Dina Farms,Cheese,Cheese & Labneh,Triangle Cheese,16,Pieces,https://seoudisupermarket.com/en/dina-farms-triangle-cheese-16-pieces,In Stock,,2026-09-14 18:45:46.525555
40,Seoudi Supermarket,Virgilio Parmigiano Reggiano,400,,EGP,Virgilio,cheese,Cheese & Labneh,Parmesan,200.0,g,https://seoudisupermarket.com/en/virgilio-parmigiano-reggiano-200g,In Stock,,2026-09-14 18:45:46.525555
41,Seoudi Supermarket,Almarai Baramily Cheese,115.5,126.5,EGP,Almarai,cheese,Cheese & Labneh,Baramili,450.0,g,https://seoudisupermarket.com/en/almarai-baramily-cheese-450-g,In Stock,,2026-09-14 18:45:46.526554,9
42,Seoudi Supermarket,Almarai Feta Cheese with Roumy Flavor,12.25,,EGP,Almarai,Cheese,Cheese & Labneh,Feta,125.0,g,https://seoudisupermarket.com/en/%D8%A7%D9%84%D9%85%D8%B1%D8%A7%D8%B9%D9%89-%D8%AC%D8%A8%D9%86%D8%A9-%D9%81%D9%8A%D8%AA%D8%A7-%D8%B1%D9%88%D9%85%D9%89-125%D8%AC%D9%85,In Stock,,2026-09-14 18:45:46.527554
43,Seoudi Supermarket,Almarai Feta Cheese,12.25,,EGP,Almarai,Cheese,Cheese & Labneh,Feta,125.0,g,https://seoudisupermarket.com/en/%D8%A7%D9%84%D9%85%D8%B1%D8%A7%D8%B9%D9%89-%D8%AC%D8%A8%D9%86%D8%A9-%D9%81%D9%8A%D8%AA%D8%A7-125%D8%AC%D9%85,In Stock,,2026-09-14 18:45:46.527554
44,Seoudi Supermarket,Red Cheddar Cheese,52.5,,EGP,,Cheese,Cheese & Labneh,,0.125,Kg,https://seoudisupermarket.com/en/red-cheddar-cheese,In Stock,,2026-09-14 18:45:46.528555
45,Seoudi Supermarket,Deer White Cheddar Light Cheese,83.74,,EGP,Deer,Cheese,Cheese & Labneh,,0.125,Kg,https://seoudisupermarket.com/en/deer-white-cheddar-light-cheese,Out of Stock,,2026-09-14 18:45:46.529556
46,Seoudi Supermarket,Istanbouli Cheese,89,,EGP,,Cheese,Cheese & Labneh,Istanbuli,0.5,Kg,https://seoudisupermarket.com/en/istanbouli-cheese,In Stock,,2026-09-14 18:45:46.529556
47,Seoudi Supermarket,Avanti Red Cheddar Cheese,42.73,47.49,EGP,Avanti,Cheese,Cheese & Labneh,,0.125,Kg,https://seoudisupermarket.com/en/avanti-red-cheddar-cheese,In Stock,,2026-09-14 18:45:46.530554,10
48,Seoudi Supermarket,Cremo Creamy Cheese Spread,61.88,,EGP,Cremo,Cheese,Cheese & Labneh,Creamy Cheese,0.125,Kg,https://seoudisupermarket.com/en/creamy-cheese-spread,In Stock,,2026-09-14 18:45:46.531555
49,Seoudi Supermarket,Almarai Cream Cheese,229.95,250,EGP,Almarai,Cheese,Cheese & Labneh,Cream Cheese,24,Pieces,https://seoudisupermarket.com/en/almarai-cream-cheese-24-pieces,In Stock,,2026-09-14 18:45:46.532556,8
50,Seoudi Supermarket,Yopolis Labneh with Thyme,93.5,,EGP,Yopolis,Labneh,Cheese & Labneh,Labneh,225.0,g,https://seoudisupermarket.com/en/yopolis-labneh-with-thyme-225-g,In Stock,,2026-09-14 18:45:46.533554
51,Seoudi Supermarket,Cottage Cheese,60,,EGP,,Cheese,Cheese & Labneh,Cottage Cheese,0.5,Kg,https://seoudisupermarket.com/en/cottage-cheese,In Stock,,2026-09-14 18:45:55.432200
52,Seoudi Supermarket,Blue River Cheddar Cheese Slices,153,,EGP,Blue River,Cheese,Cheese & Labneh,,12,Pieces,https://seoudisupermarket.com/en/blue-river-cheddar-cheese-slices-12-pieces,In Stock,,2026-09-14 18:45:55.433198
53,Seoudi Supermarket,Almarai Feta Cheese with Olives,51.5,,EGP,Almarai,Cheese,Cheese & Labneh,Feta,500.0,g,https://seoudisupermarket.com/en/almarai-feta-cheese-with-olives-500-g,In Stock,,2026-09-14 18:45:55.435200
54,Seoudi Supermarket,Almarai Feta Cheese with Olives,25.95,,EGP,Almarai,Cheese,Cheese & Labneh,Feta,250.0,g,https://seoudisupermarket.com/en/almarai-feta-cheese-with-olives-250-g,In Stock,,2026-09-14 18:45:55.436199
55,Seoudi Supermarket,Dodoni Greek Feta Cheese,635,,EGP,Dodoni,Cheese,Cheese & Labneh,Feta,400.0,g,https://seoudisupermarket.com/en/dodoni-greek-feta-cheese-400-g,In Stock,,2026-09-14 18:45:55.437199
56,Seoudi Supermarket,Abu El-Walad Triangle Cheese,139.95,160,EGP,Abu El-Walad,Cheese,Cheese & Labneh,Triangle Cheese,40,Pieces,https://seoudisupermarket.com/en/abu-elwalad-triangle-cheese-40-pieces,In Stock,,2026-09-14 18:45:55.439198,13
57,Seoudi Supermarket,Dina Farms Cottage Cheese,74.95,,EGP,Dina Farms,Cheese,Cheese & Labneh,Cottage Cheese,450.0,g,https://seoudisupermarket.com/en/dina-farms-cottage-cheese-450-g,In Stock,,2026-09-14 18:45:55.440197
58,Seoudi Supermarket,Avanti Natural Feta Cheese,93.5,106.5,EGP,Avanti,Cheese,Cheese & Labneh,Feta,500.0,g,https://seoudisupermarket.com/en/avanti-natural-feta-cheese-500-g,In Stock,,2026-09-14 18:45:55.442199,12
59,Seoudi Supermarket,Juhayna Labneh,174.95,,EGP,Juhayna,Labneh,Cheese & Labneh,Labneh,500.0,g,https://seoudisupermarket.com/en/juhayna-labneh-500-g,In Stock,,2026-09-14 18:45:55.443199
60,Seoudi Supermarket,Juhayna Labneh,99.95,,EGP,Juhayna,Labneh,Cheese & Labneh,Labneh,250.0,g,https://seoudisupermarket.com/en/juhayna-labneh-250-g,In Stock,,2026-09-14 18:45:55.444199
61,Seoudi Supermarket,Mobi Creamy Blue Cheese,75.5,,EGP,Mobi,Cheese,Cheese & Labneh,Blue Cheese,100.0,g,https://seoudisupermarket.com/en/mobi-creamy-blue-cheese-100-g,In Stock,,2026-09-14 18:45:55.445200
62,Seoudi Supermarket,Mobi Blue Cheese,62.5,,EGP,Mobi,Cheese,Cheese & Labneh,Blue Cheese,100.0,g,https://seoudisupermarket.com/en/mobi-blue-cheese-100-g,In Stock,,2026-09-14 18:45:55.446199
63,Seoudi Supermarket,Obour Land Low Salt Cheese,27.25,,EGP,Obour Land,Cheese,Cheese & Labneh,,250.0,g,https://seoudisupermarket.com/en/obour-land-low-salt-cheese-250-g,In Stock,,2026-09-14 18:45:55.448199
64,Seoudi Supermarket,Obour Land Feta Cheese with Cheddar,51.75,,EGP,Obour Land,Cheese,Cheese & Labneh,Feta,500.0,g,https://seoudisupermarket.com/en/obour-land-feta-cheese-with-cheddar-500-g,In Stock,,2026-09-14 18:45:55.449199
65,Seoudi Supermarket,Obour Land Feta Cheese with Roumy,51.75,,EGP,Obour Land,Cheese,Cheese & Labneh,Feta,500.0,g,https://seoudisupermarket.com/en/obour-land-feta-cheese-with-roumy-500-g,In Stock,,2026-09-14 18:45:55.450199
66,Seoudi Supermarket,Avanti Istanbuli Cheese,115.5,132.25,EGP,Avanti,Cheese,Cheese & Labneh,Istanbuli,450.0,g,https://seoudisupermarket.com/en/avanti-istanbuli-cheese-450-g,In Stock,,2026-09-14 18:45:55.451200,13
67,Seoudi Supermarket,Avanti Feta Cheese with Olives,115.5,132.25,EGP,Avanti,Cheese,Cheese & Labneh,Feta,450.0,g,https://seoudisupermarket.com/en/avanti-feta-cheese-with-olives-450-g,In Stock,,2026-09-14 18:45:55.452201,13
68,Seoudi Supermarket,Domty Feta Cheese,109.95,144.75,EGP,Domty,Cheese,Cheese & Labneh,Feta,450.0,g,https://seoudisupermarket.com/en/domty-feta-cheese-450-g,In Stock,,2026-09-14 18:45:55.454203,24
69,Seoudi Supermarket,Domty Gold Light Feta Cheese,109.95,144.75,EGP,Domty,Cheese,Cheese & Labneh,Feta,450.0,g,https://seoudisupermarket.com/en/domty-light-feta-cheese-450-g,In Stock,,2026-09-14 18:45:55.455199,24
70,Seoudi Supermarket,Domty Baramily Cheese,109.95,144.75,EGP,Domty,Cheese,Cheese & Labneh,Baramili,450.0,g,https://seoudisupermarket.com/en/domty-baramily-cheese-450-g,In Stock,,2026-09-14 18:45:55.457199,24
71,Seoudi Supermarket,Domty Olive Feta Cheese,109.95,144.75,EGP,Domty,Cheese,Cheese & Labneh,Feta,450.0,g,https://seoudisupermarket.com/en/domty-olive-feta-cheese-450-g,In Stock,,2026-09-14 18:45:55.458201,24
72,Seoudi Supermarket,Dina Farms Triangle Full Fat Creamy Cheese,47.5,,EGP,Dina Farms,Cheese,Cheese & Labneh,Creamy Cheese,8,Pieces,https://seoudisupermarket.com/en/dina-farms-triangle-full-fat-creamy-cheese-8-pieces,In Stock,,2026-09-14 18:45:55.459202
73,Seoudi Supermarket,Seoudi Cheese with Mayonnaise Salad,24.38,,EGP,Seoudi,Cheese,Cheese & Labneh,,0.125,Kg,https://seoudisupermarket.com/en/seoudi-cheese-with-mayonnaise-salad,In Stock,,2026-09-14 18:45:55.460200
74,Seoudi Supermarket,Avanti Baramili Cheese with Pepper,187,207,EGP,Avanti,Cheese,Cheese & Labneh,Baramili,800.0,g,https://seoudisupermarket.com/en/avanti-baramili-cheese-with-pepper-800-g,In Stock,,2026-09-14 18:45:55.462200,10
75,Seoudi Supermarket,Royal Dutch Emmental Cheese,76.88,,EGP,Royal,Cheese,Cheese & Labneh,Emmental,0.125,Kg,https://seoudisupermarket.com/en/royal-dutch-emmental-cheese,In Stock,,2026-09-14 18:45:55.463200
76,Seoudi Supermarket,Domty Creamy Cheese with Olives,79.95,99.95,EGP,Domty,Cheese,Cheese & Labneh,Creamy Cheese,220.0,g,https://seoudisupermarket.com/en/domty-creamy-cheese-with-olives-220-g,In Stock,,2026-09-14 18:45:55.464199,20
77,Seoudi Supermarket,Domty Plus Olive Feta Cheese,26.5,31.25,EGP,Domty,Cheese,Cheese & Labneh,Feta,250.0,g,https://seoudisupermarket.com/en/domty-plus-olive-feta-cheese-250-g,In Stock,,2026-09-14 18:45:55.465199,15
78,Seoudi Supermarket,Domty Creamy Cheese with Cheddar,79.95,99.95,EGP,Domty,Cheese,Cheese & Labneh,Creamy Cheese,220.0,g,https://seoudisupermarket.com/en/domty-creamy-cheese-with-cheddar-220-g,In Stock,,2026-09-14 18:45:55.466199,20
79,Seoudi Supermarket,Domty Plus Feta Cheese,99.95,108,EGP,Domty,Cheese,Cheese & Labneh,Feta,1.0,kg,https://seoudisupermarket.com/en/domty-plus-feta-cheese-1-kg,In Stock,,2026-09-14 18:45:55.468204,7
80,Seoudi Supermarket,Domty Feta Light Cheese,26.5,31.25,EGP,Domty,Cheese,Cheese & Labneh,Feta,250.0,g,https://seoudisupermarket.com/en/domty-feta-light-cheese-250-g,In Stock,,2026-09-14 18:45:55.469199,15
81,Seoudi Supermarket,Domty Gold Feta Cheese with Olives,45.75,57.5,EGP,Domty,Cheese,Cheese & Labneh,Feta,250.0,g,https://seoudisupermarket.com/en/domty-gold-feta-cheese-with-olives-250-g,In Stock,,2026-09-14 18:45:55.470199,20
82,Seoudi Supermarket,Domty Plus Istanbouli Cheese,26.5,31.25,EGP,Domty,Cheese,Cheese & Labneh,Istanbuli,250.0,g,https://seoudisupermarket.com/en/domty-plus-istanbouli-cheese-250-g,In Stock,,2026-09-14 18:45:55.471199,15
83,Seoudi Supermarket,Domty Gold Feta Cheese,45.75,57.5,EGP,Domty,Cheese,Cheese & Labneh,Feta,250.0,g,https://seoudisupermarket.com/en/domty-gold-feta-cheese-250-g,In Stock,,2026-09-14 18:45:55.472201,20
84,Seoudi Supermarket,Domty Plus Olive Feta Cheese,52.95,62.5,EGP,Domty,Cheese,Cheese & Labneh,Feta,500.0,g,https://seoudisupermarket.com/en/domty-plus-olive-feta-cheese-500-g,In Stock,,2026-09-14 18:45:55.473201,15
85,Seoudi Supermarket,Domty Plus Feta Cheese with Roumy Cheese Flavor,52.95,62.5,EGP,Domty,Cheese,Cheese & Labneh,Feta,500.0,g,https://seoudisupermarket.com/en/domty-plus-feta-cheese-with-roumy-cheese-flavor-500-g,In Stock,,2026-09-14 18:45:55.474198,15
86,Seoudi Supermarket,Domty Plus Feta Cheese with Edam Cheese Flavor,52.95,62.5,EGP,Domty,Cheese,Cheese & Labneh,Edam,500.0,g,https://seoudisupermarket.com/en/domty-plus-feta-cheese-with-edam-cheese-flavor-500-g,In Stock,,2026-09-14 18:45:55.475203,15
87,Seoudi Supermarket,Domty Low Salt White Cheese,202.95,219.5,EGP,Domty,Cheese,Cheese & Labneh,White Cheese,700.0,g,https://seoudisupermarket.com/en/domty-low-salt-white-cheese-700-g,In Stock,,2026-09-14 18:45:55.476203,8
88,Seoudi Supermarket,Domty Plus Feta Cheese,52.95,62.5,EGP,Domty,Cheese,Cheese & Labneh,Feta,500.0,g,https://seoudisupermarket.com/en/domty-plus-feta-cheese-500-g,In Stock,,2026-09-14 18:45:55.477201,15
89,Seoudi Supermarket,Domty Creamy Roumy Cheese,136.5,149.5,EGP,Domty,Cheese,Cheese & Labneh,Roumy,380.0,g,https://seoudisupermarket.com/en/domty-creamy-roumy-cheese-380-g,In Stock,,2026-09-14 18:45:55.478200,9
90,Seoudi Supermarket,Domty Plus Light Feta Cheese,52.95,62.5,EGP,Domty,Cheese,Cheese & Labneh,Feta,500.0,g,https://seoudisupermarket.com/en/domty-plus-light-feta-cheese-500-g,In Stock,,2026-09-14 18:45:55.480202,15
91,Seoudi Supermarket,Domty Plus Feta Cheese with Cheddar Cheese Flavor,52.95,62.5,EGP,Domty,Cheese,Cheese & Labneh,Feta,500.0,g,https://seoudisupermarket.com/en/domty-plus-feta-cheese-with-cheddar-cheese-flavor-500-g,In Stock,,2026-09-14 18:45:55.482203,15
92,Seoudi Supermarket,Domty Plus Feta Cheese,12.95,15.75,EGP,Domty,Cheese,Cheese & Labneh,Feta,125.0,g,https://seoudisupermarket.com/en/domty-plus-feta-cheese-125-g,In Stock,,2026-09-14 18:45:55.483197,18
93,Seoudi Supermarket,Domty Creamy Cheddar Cheese,136.5,149.5,EGP,Domty,Cheese,Cheese & Labneh,,380.0,g,https://seoudisupermarket.com/en/domty-creamy-cheddar-cheese-380-g,In Stock,,2026-09-14 18:45:55.485199,9
94,Seoudi Supermarket,Avanti Cottage Cheese,115.5,132.25,EGP,Avanti,Cheese,Cheese & Labneh,Cottage Cheese,450.0,g,https://seoudisupermarket.com/en/avanti-cottage-cheese-450-g,In Stock,,2026-09-14 18:45:55.486204,13
95,Seoudi Supermarket,Avanti Low Salt Natural Cheese,115.5,132.25,EGP,Avanti,Cheese,Cheese & Labneh,,450.0,g,https://seoudisupermarket.com/en/avanti-low-salt-natural-cheese-450-g,In Stock,,2026-09-14 18:45:55.488200,13
96,Seoudi Supermarket,Almarai Feta Cheese with Cheddar Flavor and Vegetable Fat,51.5,,EGP,Almarai,Cheese,Cheese & Labneh,Feta,500.0,g,https://seoudisupermarket.com/en/almarai-feta-cheese-with-cheddar-flavor-and-vegetable-fat-500-g,In Stock,,2026-09-14 18:45:55.489197
97,Seoudi Supermarket,Almarai Feta Cheese with Roumy Flavor and Vegetable Fat,51.5,,EGP,Almarai,Cheese,Cheese & Labneh,Feta,500.0,g,https://seoudisupermarket.com/en/almarai-feta-cheese-with-roumy-flavor-and-vegetable-fat-500-g,In Stock,,2026-09-14 18:45:55.490198
98,Seoudi Supermarket,Almarai Feta Cheese with Vegetable Fat,51.5,,EGP,Almarai,Cheese,Cheese & Labneh,Feta,500.0,g,https://seoudisupermarket.com/en/almarai-feta-cheese-with-vegetable-fat-500-g,In Stock,,2026-09-14 18:45:55.491200
99,Seoudi Supermarket,Dina Farms Cheese with Cream,117.95,,EGP,Dina Farms,Cheese,Cheese & Labneh,,275.0,g,https://seoudisupermarket.com/en/dina-farms-cheese-with-cream-275-g,In Stock,,2026-09-14 18:45:55.493198
100,Seoudi Supermarket,Almarai Feta Cheese with Cheddar Flavor,25.95,,EGP,Almarai,Cheese,Cheese & Labneh,Feta,250.0,g,https://seoudisupermarket.com/en/almarai-feta-cheese-with-cheddar-flavor-250-g,In Stock,,2026-09-14 18:45:55.494198
101,Seoudi Supermarket,Almarai Feta Cheese with Roumy Flavor,25.95,,EGP,Almarai,Cheese,Cheese & Labneh,Feta,250.0,g,https://seoudisupermarket.com/en/almarai-feta-cheese-with-roumy-flavor-250-g,In Stock,,2026-09-14 18:46:04.171004
102,Seoudi Supermarket,g's Natural Mozzarella Cheese,331.5,,EGP,g's,Cheese,Cheese & Labneh,Mozzarella,900.0,g,https://seoudisupermarket.com/en/gs-natural-mozzarella-cheese-900-g,In Stock,,2026-09-14 18:46:04.172000
103,Seoudi Supermarket,Yopolis Cream Cheese with Paprika,88,98,EGP,Yopolis,Cheese,Cheese & Labneh,Cream Cheese,225.0,g,https://seoudisupermarket.com/en/yopolis-cream-cheese-with-paprika-225-g,In Stock,,2026-09-14 18:46:04.173000,10
104,Seoudi Supermarket,Yopolis Cream Cheese,83,93,EGP,Yopolis,Cheese,Cheese & Labneh,Cream Cheese,225.0,g,https://seoudisupermarket.com/en/yopolis-cream-cheese-225-g,In Stock,,2026-09-14 18:46:04.174998,11
105,Seoudi Supermarket,Dodoni Halloumi Cheese,225,250,EGP,Dodoni,Cheese,Cheese & Labneh,Halloumi,225.0,g,https://seoudisupermarket.com/en/dodoni-halloumi-cheese-225-g,In Stock,,2026-09-14 18:46:04.175999,10
106,Seoudi Supermarket,Dodoni Greek Feta Cheese,230,,EGP,Dodoni,Cheese,Cheese & Labneh,Feta,150.0,g,https://seoudisupermarket.com/en/dodoni-greek-feta-cheese-150-g,In Stock,,2026-09-14 18:46:04.176999
107,Seoudi Supermarket,Dina Farms Olives Flavored White Cheese,114.95,,EGP,Dina Farms,Cheese,Cheese & Labneh,White Cheese,450.0,g,https://seoudisupermarket.com/en/dina-farms-olives-flavored-white-cheese-450-g,In Stock,,2026-09-14 18:46:04.177999
108,Seoudi Supermarket,Paysan Breton Emmental Cheese,225,,EGP,Paysan Breton,Cheese,Cheese & Labneh,Emmental,220.0,g,https://seoudisupermarket.com/en/paysan-breton-emmental-cheese-220-g,In Stock,,2026-09-14 18:46:04.178998
109,Seoudi Supermarket,Panda Creamy Cheese,108.95,114.75,EGP,Panda,Cheese,Cheese & Labneh,Creamy Cheese,12,Pieces,https://seoudisupermarket.com/en/panda-creamy-cheese-12-pieces,In Stock,,2026-09-14 18:46:04.179998,5
110,Seoudi Supermarket,Panda Creamy Cheese,78.95,,EGP,Panda,Cheese,Cheese & Labneh,Creamy Cheese,8,Pieces,https://seoudisupermarket.com/en/panda-creamy-cheese-8-pieces,In Stock,,2026-09-14 18:46:04.180998
111,Seoudi Supermarket,Puck Spread Creamy Cheese Glass Jar,250,,EGP,Puck,Cheese,Cheese & Labneh,Creamy Cheese,240.0,g,https://seoudisupermarket.com/en/puck-spread-creamy-cheese-230-g,In Stock,,2026-09-14 18:46:04.181998
112,Seoudi Supermarket,Dina Farms Cottage Cheese,142.95,,EGP,Dina Farms,Cheese,Cheese & Labneh,Cottage Cheese,900.0,g,https://seoudisupermarket.com/en/dina-farms-cottage-cheese-900-g,In Stock,,2026-09-14 18:46:04.183004
113,Seoudi Supermarket,Avanti Cheddar Cheese with Pastrami,47.23,48.74,EGP,Avanti,Cheese,Cheese & Labneh,,0.125,Kg,https://seoudisupermarket.com/en/avanti-cheddar-cheese-with-pastrami,In Stock,,2026-09-14 18:46:04.184003,3
114,Seoudi Supermarket,French Emmental Cheese,98.13,,EGP,,Cheese,Cheese & Labneh,Emmental,0.125,Kg,https://seoudisupermarket.com/en/%D8%AC%D8%A8%D9%86%D8%A9-%D8%A7%D9%85%D9%86%D8%AA%D8%A7%D9%84-%D9%81%D8%B1%D9%86%D8%B3%D9%89-%D9%88%D8%B2%D9%86-2005452000000,In Stock,,2026-09-14 18:46:04.185000
115,Seoudi Supermarket,Hajdu Kashkaval Cheese,87.38,,EGP,Hajdu,Cheese,Cheese & Labneh,Kashkaval,0.125,Kg,https://seoudisupermarket.com/en/hajdu-kashkaval-cheese,In Stock,,2026-09-14 18:46:04.187001
116,Seoudi Supermarket,Grated Roumy Cheese,39.38,,EGP,,Cheese,Cheese & Labneh,Roumy,0.125,Kg,https://seoudisupermarket.com/en/grated-roumy-cheese,In Stock,,2026-09-14 18:46:04.188000
117,Seoudi Supermarket,Domty Natural Low Salt Cheese,138.97,157.5,EGP,Domty,Cheese,Cheese & Labneh,,0.5,Kg,https://seoudisupermarket.com/en/domty-natural-low-salt-cheese,In Stock,,2026-09-14 18:46:04.190000,12
118,Seoudi Supermarket,Domty Low Salt Cheese,69.97,87.5,EGP,Domty,Cheese,Cheese & Labneh,,0.5,Kg,https://seoudisupermarket.com/en/domty-low-salt-cheese,In Stock,,2026-09-14 18:46:04.191999,20
119,Seoudi Supermarket,Baramili Cheese with Chili,106.8,,EGP,,Cheese,Cheese & Labneh,Baramili,0.6,Kg,https://seoudisupermarket.com/en/baramili-cheese-with-chili,In Stock,,2026-09-14 18:46:04.193000
120,Seoudi Supermarket,Baramili Cheese,106.8,,EGP,,Cheese,Cheese & Labneh,Baramili,0.6,Kg,https://seoudisupermarket.com/en/baramili-cheese,In Stock,,2026-09-14 18:46:04.194999
121,Seoudi Supermarket,Seoudi Natural Mozzarella Cheese Sticks,49.38,,EGP,Seoudi,Cheese,Cheese & Labneh,Mozzarella,0.125,Kg,https://seoudisupermarket.com/en/seoudi-natural-mozzarella-cheese-sticks,Out of Stock,,2026-09-14 18:46:04.196000
122,Seoudi Supermarket,Creamy Cheese,75.2,,EGP,,Cheese,Cheese & Labneh,Creamy Cheese,0.4,Kg,https://seoudisupermarket.com/en/creamy-cheese,In Stock,,2026-09-14 18:46:04.197003
123,Seoudi Supermarket,The Milkman Labneh,78.5,,EGP,The Milkman,Labneh,Cheese & Labneh,Labneh,200.0,g,https://seoudisupermarket.com/en/the-milkman-labneh-200-g,In Stock,,2026-09-14 18:46:04.198999
124,Seoudi Supermarket,Noura Natural Low Salt Cheese,87.5,,EGP,Noura,Cheese,Cheese & Labneh,,0.5,Kg,https://seoudisupermarket.com/en/noura-natural-low-salt-cheese,In Stock,,2026-09-14 18:46:04.201000
125,Seoudi Supermarket,Avanti Cheese Slices with Cumin,66,78,EGP,Avanti,Cheese,Cheese & Labneh,,150.0,g,https://seoudisupermarket.com/en/avanti-cheese-slices-with-cumin-150-g,In Stock,,2026-09-14 18:46:04.202002,15
126,Seoudi Supermarket,Avanti Cheese Slices with Chili Pepper,66,78,EGP,Avanti,Cheese,Cheese & Labneh,,150.0,g,https://seoudisupermarket.com/en/avanti-cheese-slices-with-chili-pepper-150-g,In Stock,,2026-09-14 18:46:04.203001,15
127,Seoudi Supermarket,Avanti Smoked Cheese Slices,66,78,EGP,Avanti,Cheese,Cheese & Labneh,,150.0,g,https://seoudisupermarket.com/en/avanti-smoked-cheese-slices-150-g,In Stock,,2026-09-14 18:46:04.204001,15
128,Seoudi Supermarket,Dina Farms Labneh,59.95,,EGP,Dina Farms,Labneh,Cheese & Labneh,Labneh,250.0,g,https://seoudisupermarket.com/en/dina-farms-labneh-250-g,In Stock,,2026-09-14 18:46:04.205003
129,Seoudi Supermarket,Panda Creamy Cheese,57.5,60.5,EGP,Panda,Cheese,Cheese & Labneh,Creamy Cheese,6,Pieces,https://seoudisupermarket.com/en/panda-creamy-cheese-6-pieces,In Stock,,2026-09-14 18:46:04.206001,5
130,Seoudi Supermarket,Panda Gourmet Triangle Cheese,79.95,84.95,EGP,Panda,Cheese,Cheese & Labneh,Triangle Cheese,16,Pieces,https://seoudisupermarket.com/en/panda-gourmet-triangle-cheese-16-pieces,In Stock,,2026-09-14 18:46:04.207001,6
131,Seoudi Supermarket,Panda Gourmet Triangle Cheese,39.95,42.95,EGP,Panda,Cheese,Cheese & Labneh,Triangle Cheese,8,Pieces,https://seoudisupermarket.com/en/panda-gourmet-triangle-cheese-8-pieces,In Stock,,2026-09-14 18:46:04.208001,7
132,Seoudi Supermarket,Seoudi Cottage Cheese Salad,56,,EGP,Seoudi,Cheese,Cheese & Labneh,Cottage Cheese,0.4,Kg,https://seoudisupermarket.com/en/seoudi-cottage-cheese-salad,In Stock,,2026-09-14 18:46:04.208998
133,Seoudi Supermarket,Seoudi White Cheese Salad with Thyme,26.13,,EGP,Seoudi,Cheese,Cheese & Labneh,White Cheese,0.125,Kg,https://seoudisupermarket.com/en/seoudi-white-cheese-salad-with-thyme,In Stock,,2026-09-14 18:46:04.209998
134,Seoudi Supermarket,Seoudi White Cheese Salad with Black Seeds,26.13,,EGP,Seoudi,Cheese,Cheese & Labneh,White Cheese,0.125,Kg,https://seoudisupermarket.com/en/seoudi-white-cheese-salad-with-black-seeds,In Stock,,2026-09-14 18:46:04.211000
135,Seoudi Supermarket,Panda Cheese with Cream Cup,360.95,379.95,EGP,Panda,Cheese,Cheese & Labneh,,900.0,g,https://seoudisupermarket.com/en/panda-cheese-with-cream-cup-900-g,In Stock,,2026-09-14 18:46:04.212000,5
136,Seoudi Supermarket,Double Cream Cheese,71.2,,EGP,,Cheese,Cheese & Labneh,Cream Cheese,0.4,Kg,https://seoudisupermarket.com/en/double-cream-cheese,In Stock,,2026-09-14 18:46:04.214001
137,Seoudi Supermarket,Panda Shredded Mozzarella Cheese,143.95,151.95,EGP,Panda,Cheese,Cheese & Labneh,Mozzarella,550.0,g,https://seoudisupermarket.com/en/panda-shredded-mozzarella-cheese-550-g,In Stock,,2026-09-14 18:46:04.214998,5
138,Seoudi Supermarket,Prima Fresh Cream,55.75,,EGP,Prima,Fresh Cream,Cheese & Labneh,,240.0,g,https://seoudisupermarket.com/en/prima-fresh-cream-240-gm,In Stock,,2026-09-14 18:46:04.216998
139,Seoudi Supermarket,Prima Processed Pastrami Cheese,99.95,,EGP,Prima,Cheese,Cheese & Labneh,,240.0,g,https://seoudisupermarket.com/en/prima-processed-pastrami-cheese-240-g,In Stock,,2026-09-14 18:46:04.218001
140,Seoudi Supermarket,"La Vache Qui rit Triangle Cheese, Original",129.95,,EGP,La Vache Qui Rit,Cheese,Cheese & Labneh,Triangle Cheese,16,Pieces,https://seoudisupermarket.com/en/la-vache-qui-rit-triangle-cheese-original-16-pieces,In Stock,,2026-09-14 18:46:04.218998
141,Seoudi Supermarket,Kiri Cream Cheese,239.95,300,EGP,Kiri,Cheese,Cheese & Labneh,Cream Cheese,24,Pieces,https://seoudisupermarket.com/en/%D9%83%D9%8A%D8%B1%D9%8A-%D8%AC%D8%A8%D9%86%D8%A9-%D8%A8%D8%A7%D9%84%D9%82%D8%B4%D8%B7%D8%A9-24-%D9%82%D8%B7%D8%B9%D8%A9,In Stock,,2026-09-14 18:46:04.219998,20
142,Seoudi Supermarket,Kiri Cream Cheese,129.95,170,EGP,Kiri,Cheese,Cheese & Labneh,Cream Cheese,12,Pieces,https://seoudisupermarket.com/en/kiri-cream-cheese-12-pieces,In Stock,,2026-09-14 18:46:04.221001,24
143,Seoudi Supermarket,Kiri Cream Cheese,84.95,120,EGP,Kiri,Cheese,Cheese & Labneh,Cream Cheese,8,Pieces,https://seoudisupermarket.com/en/kiri-cream-cheese-8-pieces,In Stock,,2026-09-14 18:46:04.221998,29
144,Seoudi Supermarket,Seoudi Creamy Cheese with Pastrami,32.5,,EGP,Seoudi,Cheese,Cheese & Labneh,Creamy Cheese,0.125,Kg,https://seoudisupermarket.com/en/%D8%B3%D8%B9%D9%88%D8%AF%D9%8A-%D8%B3%D9%84%D8%B7%D8%A9-%D8%AC%D8%A8%D9%86%D8%A9-%D9%83%D8%B1%D9%8A%D9%85%D9%8A-%D8%A8%D8%A7%D9%84%D8%A8%D8%B3%D8%B7%D8%B1%D9%85%D8%A9,In Stock,,2026-09-14 18:46:04.223000
145,Seoudi Supermarket,Dina Farms Spread Cheese with Cheddar Flavor,112.95,,EGP,Dina Farms,Cheese,Cheese & Labneh,Spread Cheese,275.0,g,https://seoudisupermarket.com/en/dina-farms-spread-cheese-with-cheddar-flavor-275-g,In Stock,,2026-09-14 18:46:04.224001
146,Seoudi Supermarket,Dina Farms Baramili Cheese,114.95,,EGP,Dina Farms,Cheese,Cheese & Labneh,Baramili,450.0,g,https://seoudisupermarket.com/en/dina-farms-baramili-cheese-450-g,In Stock,,2026-09-14 18:46:04.225001
147,Seoudi Supermarket,Baramili Cheese Round Shape,94.5,,EGP,,Cheese,Cheese & Labneh,Baramili,0.5,Kg,https://seoudisupermarket.com/en/baramili-cheese-round-shape,In Stock,,2026-09-14 18:46:04.227001
148,Seoudi Supermarket,Avanti Natural Feta Cheese with Pepper,115.5,132.25,EGP,Avanti,Cheese,Cheese & Labneh,Feta,450.0,g,https://seoudisupermarket.com/en/avanti-natural-feta-cheese-with-pepper-450-g,In Stock,,2026-09-14 18:46:04.227999,13
149,Seoudi Supermarket,Dina Farms Istanbuli Cheese,114.95,,EGP,Dina Farms,Cheese,Cheese & Labneh,Istanbuli,450.0,g,https://seoudisupermarket.com/en/dina-farms-istanbuli-cheese-450-g,In Stock,,2026-09-14 18:46:04.228999
150,Seoudi Supermarket,Bahcivan White Cheese,225,325,EGP,Bahcivan,Cheese,Cheese & Labneh,White Cheese,420.0,g,https://seoudisupermarket.com/en/bahcivan-white-cheese-420-g,In Stock,,2026-09-14 18:46:04.230000,31
151,Seoudi Supermarket,Prima Fresh Cottage Cheese,79.45,,EGP,Prima,Cheese,Cheese & Labneh,Cottage Cheese,300.0,g,https://seoudisupermarket.com/en/prima-fresh-cottage-cheese-300-g,In Stock,,2026-09-14 18:46:13.840902
152,Seoudi Supermarket,Prima Cream Cheese,94.95,,EGP,Prima,Cheese,Cheese & Labneh,Cream Cheese,250.0,g,https://seoudisupermarket.com/en/prima-cream-cheese-250-g,In Stock,,2026-09-14 18:46:13.841902
153,Seoudi Supermarket,Panda Spread Cream Cheese,201.95,212.95,EGP,Panda,Cheese,Cheese & Labneh,Cream Cheese,500.0,g,https://seoudisupermarket.com/en/panda-spread-cream-cheese-500-g,In Stock,,2026-09-14 18:46:13.841902,5
154,Seoudi Supermarket,Panda Cheese with Cream,110.5,116.95,EGP,Panda,Cheese,Cheese & Labneh,,240.0,g,https://seoudisupermarket.com/en/panda-cheese-with-cream-240-g,In Stock,,2026-09-14 18:46:13.842902,6
155,Seoudi Supermarket,Panda Creamy Cheese,80.95,,EGP,Panda,Cheese,Cheese & Labneh,Creamy Cheese,140.0,g,https://seoudisupermarket.com/en/panda-creamy-cheese-140-g,In Stock,,2026-09-14 18:46:13.843902
156,Seoudi Supermarket,Kiri Greek Style Cheese Spread,247.95,270,EGP,Kiri,Cheese,Cheese & Labneh,Spread Cheese,350.0,g,https://seoudisupermarket.com/en/kiri-greek-style-cheese-spread-350-g,In Stock,,2026-09-14 18:46:13.843902,8
157,Seoudi Supermarket,Kiri Greek Style Cheese Spread,149.95,170,EGP,Kiri,Cheese,Cheese & Labneh,Spread Cheese,200.0,g,https://seoudisupermarket.com/en/kiri-greek-style-cheese-spread-200-g,In Stock,,2026-09-14 18:46:13.844902,12
158,Seoudi Supermarket,Kiri Spread Creamy Cheese,243.95,260,EGP,Kiri,Cheese,Cheese & Labneh,Creamy Cheese,350.0,g,https://seoudisupermarket.com/en/kiri-spread-creamy-cheese-350-g,In Stock,,2026-09-14 18:46:13.845903,6
159,Seoudi Supermarket,Kiri Creamy Spread Cheese,104.95,130,EGP,Kiri,Cheese,Cheese & Labneh,Spread Cheese,150.0,g,https://seoudisupermarket.com/en/kiri-creamy-spread-cheese-150-g,In Stock,,2026-09-14 18:46:13.845903,19
160,Seoudi Supermarket,Mix Grated Cheese,53.75,,EGP,,Cheese,Cheese & Labneh,,0.125,Kg,https://seoudisupermarket.com/en/mix-grated-cheese,In Stock,,2026-09-14 18:46:13.846902
161,Seoudi Supermarket,Grated Yellow Cheddar Cheese,52.5,,EGP,,Cheese,Cheese & Labneh,,0.125,Kg,https://seoudisupermarket.com/en/grated-yellow-cheddar-cheese,In Stock,,2026-09-14 18:46:13.847902
162,Seoudi Supermarket,Cheesa grated Cheddar Cheese,204.95,,EGP,Cheesa,Cheese,Cheese & Labneh,,325.0,g,https://seoudisupermarket.com/en/cheesa-grated-cheddar-cheese-325-g,In Stock,,2026-09-14 18:46:13.848902
163,Seoudi Supermarket,Panda Triangle Cheese,52.95,55.95,EGP,Panda,Cheese,Cheese & Labneh,Triangle Cheese,16,Pieces,https://seoudisupermarket.com/en/panda-triangle-cheese-16-pieces,In Stock,,2026-09-14 18:46:13.849900,5
164,Seoudi Supermarket,Swiss Emmental Cheese,162.38,,EGP,,Cheese,Cheese & Labneh,Emmental,0.125,Kg,https://seoudisupermarket.com/en/swiss-emmental-cheese,In Stock,,2026-09-14 18:46:13.850901
165,Seoudi Supermarket,Food House Brie Cheese,117.75,,EGP,Food House,Cheese,Cheese & Labneh,Brie,200.0,g,https://seoudisupermarket.com/en/food-house-brie-cheese-200-g,In Stock,,2026-09-14 18:46:13.851900
166,Seoudi Supermarket,Old Amestrdam Cheese,187,,EGP,Old Amsterdam,Cheese,Cheese & Labneh,,0.1,Kg,https://seoudisupermarket.com/en/old-amestrdam-cheese,In Stock,,2026-09-14 18:46:13.852899
167,Seoudi Supermarket,Roquefort Cheese,74.38,,EGP,,Cheese,Cheese & Labneh,Roquefort,0.125,Kg,https://seoudisupermarket.com/en/roquefort-cheese,In Stock,,2026-09-14 18:46:13.853899
168,Seoudi Supermarket,Mafaza Natural Mozzarella Cheese,151.5,178.95,EGP,Mafaza,Cheese,Cheese & Labneh,Mozzarella,280.0,g,https://seoudisupermarket.com/en/mafaza-grated-mozzarella-280-g,In Stock,,2026-09-14 18:46:13.854899,15
169,Seoudi Supermarket,Avanti Natural Feta Cheese,115.5,132.25,EGP,Avanti,Cheese,Cheese & Labneh,Feta,450.0,g,https://seoudisupermarket.com/en/avanti-natural-feta-cheese-450-g,In Stock,,2026-09-14 18:46:13.855899,13
170,Seoudi Supermarket,Hajdu Hungarian Labneh,39.98,53.74,EGP,Hajdu,Labneh,Cheese & Labneh,Labneh,0.125,Kg,https://seoudisupermarket.com/en/hajdu-hungarian-labneh,In Stock,,2026-09-14 18:46:13.856899,26
171,Seoudi Supermarket,Food House Halloumi Cheese,165.75,,EGP,Food House,Cheese,Cheese & Labneh,Halloumi,500.0,g,https://seoudisupermarket.com/en/food-house-halloumi-cheese-500-g,In Stock,,2026-09-14 18:46:13.857900
172,Seoudi Supermarket,Bahcivan Labneh,196.95,280.95,EGP,Bahcivan,Labneh,Cheese & Labneh,Labneh,500.0,g,https://seoudisupermarket.com/en/bahcivan-labneh-500-gm,In Stock,,2026-09-14 18:46:13.858900,30
173,Seoudi Supermarket,Food House Camembert Cheese,117.75,,EGP,Food House,Cheese,Cheese & Labneh,Camembert,200.0,g,https://seoudisupermarket.com/en/food-house-camembert-cheese-200-g,In Stock,,2026-09-14 18:46:13.858900
174,Seoudi Supermarket,Roumy Cheese Extra,36.88,39.38,EGP,,Cheese,Cheese & Labneh,Roumy,0.125,Kg,https://seoudisupermarket.com/en/%D8%AC%D8%A8%D9%86%D8%A9-%D8%B1%D9%88%D9%85%D9%89-%D8%A7%D9%83%D8%B3%D8%AA%D8%B1%D8%A7-%D8%A8%D8%AF%D9%88%D9%86-%D8%AD%D8%B1%D9%81-%D9%88%D8%B2%D9%86-2000011000000,In Stock,,2026-09-14 18:46:13.859899,6
175,Seoudi Supermarket,Pinar Labneh,179.95,220,EGP,Pinar,Labneh,Cheese & Labneh,Labneh,370.0,g,https://seoudisupermarket.com/en/pinar-labneh-370-gm,In Stock,,2026-09-14 18:46:13.860905,18
176,Seoudi Supermarket,Grana Padano Cheese,137.5,,EGP,,Cheese,Cheese & Labneh,Parmesan,0.125,Kg,https://seoudisupermarket.com/en/%D8%AC%D8%A8%D9%86%D8%A9-%D8%AC%D8%B1%D8%A7%D9%86%D8%A7-%D8%A8%D8%A7%D8%AF%D8%A7%D9%86%D9%88-%D9%88%D8%B2%D9%86-2005453000000,In Stock,,2026-09-14 18:46:13.861899
177,Seoudi Supermarket,Kiri Creamy Labneh,177.95,200,EGP,Kiri,Labneh,Cheese & Labneh,Labneh,350.0,g,https://seoudisupermarket.com/en/kiri-creamy-labneh-350-gm,In Stock,,2026-09-14 18:46:13.862904,11
178,Seoudi Supermarket,Abu El-Walad Triangle Cheese,119.95,,EGP,Abu El-Walad,Cheese,Cheese & Labneh,Triangle Cheese,32,Pieces,https://seoudisupermarket.com/en/abu-elwalad-triangle-cheese-32-pieces,In Stock,,2026-09-14 18:46:13.863899
179,Seoudi Supermarket,Seoudi Natural Shredded Mozzarella Cheese,49.38,,EGP,Seoudi,Cheese,Cheese & Labneh,Mozzarella,0.125,Kg,https://seoudisupermarket.com/en/seoudi-natural-shredded-mozzarella-cheese,Out of Stock,,2026-09-14 18:46:13.864905
180,Seoudi Supermarket,Kiri Creamy Labneh,77.95,90,EGP,Kiri,Labneh,Cheese & Labneh,Labneh,150.0,g,https://seoudisupermarket.com/en/kiri-creamy-labneh-150-gm,In Stock,,2026-09-14 18:46:13.865901,13
181,Seoudi Supermarket,Abu El-Walad Triangle Cheese,35,,EGP,Abu El-Walad,Cheese,Cheese & Labneh,Triangle Cheese,8,Pieces,https://seoudisupermarket.com/en/abu-elwalad-triangle-cheese-8-pieces,In Stock,,2026-09-14 18:46:13.866901
182,Seoudi Supermarket,Kiri Cream Cheese,69.95,90,EGP,Kiri,Cheese,Cheese & Labneh,Cream Cheese,6,Pieces,https://seoudisupermarket.com/en/kiri-cream-cheese-6-pieces,In Stock,,2026-09-14 18:46:13.867903,22
183,Seoudi Supermarket,Virgilio Grana Padano,325,,EGP,Virgilio,Cheese,Cheese & Labneh,Parmesan,200.0,g,https://seoudisupermarket.com/en/virgilio-grana-padano-200-g,In Stock,,2026-09-14 18:46:13.868899
184,Seoudi Supermarket,La Vache Qui Rit Vegeterian Truangle Cheese,151,,EGP,La Vache Qui Rit,Cheese,Cheese & Labneh,Triangle Cheese,32,Pieces,https://seoudisupermarket.com/en/la-vache-qui-rit-vegeterian-truangle-cheese-32-pieces,In Stock,,2026-09-14 18:46:13.869901
185,Seoudi Supermarket,Pinar Labneh,89.95,120,EGP,Pinar,Labneh,Cheese & Labneh,Labneh,180.0,g,https://seoudisupermarket.com/en/pinar-labneh-180-gm,In Stock,,2026-09-14 18:46:13.870903,25
186,Seoudi Supermarket,La Vache Qui rit Vegetarian Triangle Cheese,103.95,120,EGP,La Vache Qui Rit,Cheese,Cheese & Labneh,Triangle Cheese,24,Pieces,https://seoudisupermarket.com/en/la-vache-qui-rit-vegetarian-triangle-cheese-24-pieces,In Stock,,2026-09-14 18:46:13.871900,13
187,Seoudi Supermarket,Panda grated Mozzarella,75.95,79.95,EGP,Panda,Cheese,Cheese & Labneh,Mozzarella,280.0,g,https://seoudisupermarket.com/en/panda-grated-mozzarella-280-g,In Stock,,2026-09-14 18:46:13.872902,5
188,Seoudi Supermarket,Abu El-Walad Triangle Cheese,94.95,,EGP,Abu El-Walad,Cheese,Cheese & Labneh,Triangle Cheese,24,Pieces,https://seoudisupermarket.com/en/abu-elwalad-triangle-cheese-24-pieces,In Stock,,2026-09-14 18:46:13.873902
189,Seoudi Supermarket,Bahcevan Kashkaval Cheese,325,,EGP,Bahcivan,Cheese,Cheese & Labneh,Kashkaval,350.0,g,https://seoudisupermarket.com/en/bahcevan-kashkaval-cheese-350-g,In Stock,,2026-09-14 18:46:13.874902
190,Seoudi Supermarket,Payson Breton Brie Cheese,258.75,,EGP,Paysan Breton,Cheese,Cheese & Labneh,Brie,0.25,Kg,https://seoudisupermarket.com/en/payson-breton-brie-cheese,In Stock,,2026-09-14 18:46:13.875900
191,Seoudi Supermarket,Abu El-Walad Triangle Cheese,66.5,,EGP,Abu El-Walad,Cheese,Cheese & Labneh,Triangle Cheese,16,Pieces,https://seoudisupermarket.com/en/abu-elwalad-triangle-cheese-16-pieces,In Stock,,2026-09-14 18:46:13.876905
192,Seoudi Supermarket,Parmigiano Reggiano Cheese,210.63,,EGP,,Cheese,Cheese & Labneh,Parmesan,0.125,Kg,https://seoudisupermarket.com/en/parmigiano-reggiano-cheese,In Stock,,2026-09-14 18:46:13.877900
193,Seoudi Supermarket,Goat Labneh,62.49,,EGP,,Labneh,Cheese & Labneh,Goat Cheese,0.125,Kg,https://seoudisupermarket.com/en/goat-labneh,In Stock,,2026-09-14 18:46:13.878899
194,Seoudi Supermarket,Food House Goat Cheese,102,,EGP,Food House,Cheese,Cheese & Labneh,Goat Cheese,150.0,g,https://seoudisupermarket.com/en/food-house-goat-cheese-150-g,In Stock,,2026-09-14 18:46:13.879900
195,Seoudi Supermarket,Panda Triangle Cheese,27.95,,EGP,Panda,Cheese,Cheese & Labneh,Triangle Cheese,8,Pieces,https://seoudisupermarket.com/en/panda-triangle-cheese-8-piece,In Stock,,2026-09-14 18:46:13.880899
196,Seoudi Supermarket,Halloumi Cheese,139.98,,EGP,,Cheese,Cheese & Labneh,Halloumi,0.4,Kg,https://seoudisupermarket.com/en/halloumi-cheese,In Stock,,2026-09-14 18:46:13.881900
197,Seoudi Supermarket,Kiri Creamy Labneh,233.95,,EGP,Kiri,Labneh,Cheese & Labneh,Labneh,500.0,g,https://seoudisupermarket.com/en/kiri-creamy-labneh-500-gm,In Stock,,2026-09-14 18:46:13.882902
198,Seoudi Supermarket,Hajdu Goat Kashkaval Cheese,130.63,,EGP,Hajdu,Cheese,Cheese & Labneh,Kashkaval,0.125,Kg,https://seoudisupermarket.com/en/hajdu-goat-kashkaval-cheese,In Stock,,2026-09-14 18:46:13.883899
199,Seoudi Supermarket,Royal Gouda Goat Cheese with Truffle,217.5,,EGP,Royal,Cheese,Cheese & Labneh,Gouda,0.15,Kg,https://seoudisupermarket.com/en/royal-gouda-goat-cheese-with-truffle,In Stock,,2026-09-14 18:46:13.885901
200,Seoudi Supermarket,Domty Plus Feta Cheese Roumy Flavor,26.5,31.25,EGP,Domty,Cheese,Cheese & Labneh,Feta,250.0,g,https://seoudisupermarket.com/en/domty-plus-feta-cheese-roumy-flavor-250-g,In Stock,,2026-09-14 18:46:13.886901,15
201,Seoudi Supermarket,Domty Plus Feta Cheese Cheddar Flavor,26.5,31.25,EGP,Domty,Cheese,Cheese & Labneh,Feta,250.0,g,https://seoudisupermarket.com/en/domty-plus-feta-cheese-cheddar-flavor-250-g,In Stock,,2026-09-14 18:46:24.246741,15
202,Seoudi Supermarket,Domty Gold Feta Emmental Cheese,90.95,114.75,EGP,Domty,Cheese,Cheese & Labneh,Emmental,500.0,g,https://seoudisupermarket.com/en/domty-gold-feta-emmental-cheese-500-g,In Stock,,2026-09-14 18:46:24.247740,21
203,Seoudi Supermarket,Panda Feta Roumy Cheese,53.5,,EGP,Panda,Cheese,Cheese & Labneh,Feta,500.0,g,https://seoudisupermarket.com/en/panda-feta-roumy-cheese-500-g,In Stock,,2026-09-14 18:46:24.247740
204,Seoudi Supermarket,Panda Feta Cheddar Cheese,53.5,,EGP,Panda,Cheese,Cheese & Labneh,Feta,500.0,g,https://seoudisupermarket.com/en/panda-feta-cheddar-cheese-500-g,In Stock,,2026-09-14 18:46:24.248740
205,Seoudi Supermarket,Yopolis Labneh,88,,EGP,Yopolis,Labneh,Cheese & Labneh,Labneh,225.0,g,https://seoudisupermarket.com/en/yopolis-labneh-225-g,In Stock,,2026-09-14 18:46:24.249774
206,Seoudi Supermarket,Obour Land Low Salt Cheese,51.75,,EGP,Obour Land,Cheese,Cheese & Labneh,,500.0,g,https://seoudisupermarket.com/en/obour-land-low-salt-cheese-500-g,In Stock,,2026-09-14 18:46:24.250740
207,Seoudi Supermarket,Obour Land Feta Cheese with Cheddar,27.25,,EGP,Obour Land,Cheese,Cheese & Labneh,Feta,250.0,g,https://seoudisupermarket.com/en/obour-land-feta-cheese-with-cheddar-250-g,In Stock,,2026-09-14 18:46:24.250740
208,Seoudi Supermarket,Obour Land Feta Cheese with Roumy,27.25,,EGP,Obour Land,Cheese,Cheese & Labneh,Feta,250.0,g,https://seoudisupermarket.com/en/obour-land-feta-cheese-with-roumy-250-g,In Stock,,2026-09-14 18:46:24.251740
209,Seoudi Supermarket,Dodoni Feta Cheese with Thyme,405,,EGP,Dodoni,Cheese,Cheese & Labneh,Feta,350.0,g,https://seoudisupermarket.com/en/dodoni-feta-cheese-with-thyme-350-g,In Stock,,2026-09-14 18:46:24.252743
210,Seoudi Supermarket,Domty Istanbuli Cheese,45.33,54,EGP,Domty,Cheese,Cheese & Labneh,Istanbuli,500.0,g,https://seoudisupermarket.com/en/domty-istanbuli-cheese-500-g,In Stock,,2026-09-14 18:46:24.253742,16
211,Seoudi Supermarket,Domty Feta Cheese with Olives,45.33,54,EGP,Domty,Cheese,Cheese & Labneh,Feta,500.0,g,https://seoudisupermarket.com/en/domty-feta-cheese-with-olives-500-g,In Stock,,2026-09-14 18:46:24.253742,16
212,Seoudi Supermarket,Panda Creamy Cheese,41.75,,EGP,Panda,Cheese,Cheese & Labneh,Creamy Cheese,4,Pieces,https://seoudisupermarket.com/en/panda-creamy-cheese-4-pieces,In Stock,,2026-09-14 18:46:24.254745
213,Seoudi Supermarket,Pinar Plain Labneh,49.98,62.48,EGP,Pinar,Labneh,Cheese & Labneh,Labneh,0.125,Kg,https://seoudisupermarket.com/en/pinar-plain-labneh,In Stock,,2026-09-14 18:46:24.256755,20
214,Seoudi Supermarket,Avanti Cheese Slices with Pastrami,84,,EGP,Avanti,Cheese,Cheese & Labneh,,150.0,g,https://seoudisupermarket.com/en/avanti-cheese-slices-with-pastrami-150-g,In Stock,,2026-09-14 18:46:24.257742
215,Seoudi Supermarket,Panda Shredded Mozzarella Cheese,53.95,,EGP,Panda,Cheese,Cheese & Labneh,Mozzarella,180.0,g,https://seoudisupermarket.com/en/panda-shredded-mozzarella-cheese-180-g,In Stock,,2026-09-14 18:46:24.258747
216,Seoudi Supermarket,Panda Cheddar Cheese Cup,360.95,379.95,EGP,Panda,Cheese,Cheese & Labneh,,900.0,g,https://seoudisupermarket.com/en/panda-cheddar-cheese-cup-900-g,In Stock,,2026-09-14 18:46:24.259744,5
217,Seoudi Supermarket,President Triangle Cheese,76.5,,EGP,President,Cheese,Cheese & Labneh,Triangle Cheese,8,Pieces,https://seoudisupermarket.com/en/president-triangle-cheese-8-pieces,In Stock,,2026-09-14 18:46:24.259744
218,Seoudi Supermarket,President Triangle Cheese,150.5,,EGP,President,Cheese,Cheese & Labneh,Triangle Cheese,16,Pieces,https://seoudisupermarket.com/en/president-triangle-cheese-16-pieces,In Stock,,2026-09-14 18:46:24.261778
219,Seoudi Supermarket,Panda Istanbuli Cheese,53.5,,EGP,Panda,Cheese,Cheese & Labneh,Istanbuli,500.0,g,https://seoudisupermarket.com/en/panda-istanbuli-cheese-500-g,In Stock,,2026-09-14 18:46:24.262745
220,Seoudi Supermarket,Malika Nabulsi Cheese,119.95,,EGP,Malika,Cheese,Cheese & Labneh,Nabulsi,300.0,g,https://seoudisupermarket.com/en/malika-nabulsi-cheese-300-g,In Stock,,2026-09-14 18:46:24.264741
221,Seoudi Supermarket,Cheese Mellow Roquefort Cheese,134.38,,EGP,Cheese Mellow,Cheese,Cheese & Labneh,Roquefort,0.125,Kg,https://seoudisupermarket.com/en/cheese-mellow-roquefort-cheese,In Stock,,2026-09-14 18:46:24.264741
222,Seoudi Supermarket,President Triangle Cheese,219.95,,EGP,President,Cheese,Cheese & Labneh,Triangle Cheese,24,Pieces,https://seoudisupermarket.com/en/president-triangle-cheese-24-pieces,In Stock,,2026-09-14 18:46:24.265746
223,Seoudi Supermarket,Bahcivan Chechil Cheese,258,,EGP,Bahcivan,Cheese,Cheese & Labneh,,200.0,g,https://seoudisupermarket.com/en/bahcivan-chechil-cheese-200-g,In Stock,,2026-09-14 18:46:24.266745
224,Seoudi Supermarket,Buffalo Mozzarella,108.25,,EGP,,Cheese,Cheese & Labneh,Mozzarella,0.25,Kg,https://seoudisupermarket.com/en/buffalo-mozzarella,Out of Stock,,2026-09-14 18:46:24.267744
225,Seoudi Supermarket,Philadelphia Original Cheese,259.95,,EGP,Philadelphia,Cheese,Cheese & Labneh,,180.0,g,https://seoudisupermarket.com/en/philadelphia-original-cheese-180-g,In Stock,,2026-09-14 18:46:24.267744
226,Seoudi Supermarket,Mag Dairy Labneh,54,,EGP,Mag Dairy,Labneh,Cheese & Labneh,Labneh,120.0,g,https://seoudisupermarket.com/en/mag-dairy-labneh-120-g,Out of Stock,,2026-09-14 18:46:24.268741
227,Seoudi Supermarket,Mag Dairy Istanbouli Cheese,99.95,125,EGP,Mag Dairy,Cheese,Cheese & Labneh,Istanbuli,400.0,g,https://seoudisupermarket.com/en/mag-dairy-istanbouli-cheese-400-g,Out of Stock,,2026-09-14 18:46:24.269742,20
228,Seoudi Supermarket,Mag Dairy Feta Cheese,99.95,125,EGP,Mag Dairy,Cheese,Cheese & Labneh,Feta,400.0,g,https://seoudisupermarket.com/en/mag-dairy-feta-cheese-400-g,Out of Stock,,2026-09-14 18:46:24.270746,20
229,Seoudi Supermarket,Mama's Vegan Shredded Mozzarella Cheese,255,,EGP,Mama's Vegan,Cheese,Cheese & Labneh,Mozzarella,200.0,g,https://seoudisupermarket.com/en/mamas-vegan-shredded-mozzarella-cheese-200-g,Out of Stock,,2026-09-14 18:46:24.271750
230,Seoudi Supermarket,Mama's Vegan Mozzarella Cheese,209,,EGP,Mama's Vegan,Cheese,Cheese & Labneh,Mozzarella,200.0,g,https://seoudisupermarket.com/en/mamas-vegan-mozzarella-cheese-200-g,Out of Stock,,2026-09-14 18:46:24.272740
231,Seoudi Supermarket,Mama's Vegan Burger Cheese,209,,EGP,Mama's Vegan,Cheese,Cheese & Labneh,,200.0,g,https://seoudisupermarket.com/en/mamas-vegan-burger-cheese-200-g,Out of Stock,,2026-09-14 18:46:24.273739
232,Seoudi Supermarket,Mama's Vegan Mozzarella Cheese Slices,209,,EGP,Mama's Vegan,Cheese,Cheese & Labneh,Mozzarella,200.0,g,https://seoudisupermarket.com/en/mamas-vegan-mozzarella-cheese-slices-200-g,Out of Stock,,2026-09-14 18:46:24.274738
233,Seoudi Supermarket,Mama's Vegan White Cheese,209,,EGP,Mama's Vegan,Cheese,Cheese & Labneh,White Cheese,200.0,g,https://seoudisupermarket.com/en/mamas-vegan-white-cheese-200-g,Out of Stock,,2026-09-14 18:46:24.275741
234,Seoudi Supermarket,Forsana Burger Cheese Slices,149.95,200,EGP,Forsana,Cheese,Cheese & Labneh,,10,Pieces,https://seoudisupermarket.com/en/forsana-burger-cheese-slices-10-pieces,Out of Stock,,2026-09-14 18:46:24.277773,25
235,Seoudi Supermarket,Pride Cheddar Cheese Slices,149.95,200,EGP,Pride,Cheese,Cheese & Labneh,,10,Pieces,https://seoudisupermarket.com/en/pride-cheddar-cheese-slices-10-pieces,Out of Stock,,2026-09-14 18:46:24.278742,25
236,Seoudi Supermarket,Puck Triangle Cheese,429.95,550,EGP,Puck,Cheese,Cheese & Labneh,Triangle Cheese,40,Pieces,https://seoudisupermarket.com/en/puck-triangle-cheese-40-pieces,Out of Stock,,2026-09-14 18:46:24.279761,22
237,Seoudi Supermarket,Puck Triangle Cheese,89.95,119.95,EGP,Puck,Cheese,Cheese & Labneh,Triangle Cheese,8,Pieces,https://seoudisupermarket.com/en/puck-triangle-cheese-8-pieces,Out of Stock,,2026-09-14 18:46:24.279761,25
238,Seoudi Supermarket,Puck Creamy Cheese,639.95,,EGP,Puck,Cheese,Cheese & Labneh,Creamy Cheese,900.0,g,https://seoudisupermarket.com/en/puck-creamy-cheese-900-g,Out of Stock,,2026-09-14 18:46:24.280738
239,Seoudi Supermarket,Panda Gourmet Roumy Cheese,110.5,116.95,EGP,Panda,Cheese,Cheese & Labneh,Roumy,240.0,g,https://seoudisupermarket.com/en/panda-gourmet-roumy-cheese-240-g,Out of Stock,,2026-09-14 18:46:24.281740,6
240,Seoudi Supermarket,Ulker Fresh Cream Cheese,134.95,170,EGP,Ulker,Cheese,Cheese & Labneh,Cream Cheese,180.0,g,https://seoudisupermarket.com/en/ulker-fresh-cream-cheese-180-g,Out of Stock,,2026-09-14 18:46:24.281740,21
241,Seoudi Supermarket,Ulker Natural Mozzarella Cheese,339.95,440,EGP,Ulker,Cheese,Cheese & Labneh,Mozzarella,450.0,g,https://seoudisupermarket.com/en/ulker-natural-mozzarella-cheese-450-g,Out of Stock,,2026-09-14 18:46:24.282738,23
242,Seoudi Supermarket,Ulker Natural Mozzarella Cheese,149.95,200,EGP,Ulker,Cheese,Cheese & Labneh,Mozzarella,200.0,g,https://seoudisupermarket.com/en/ulker-natural-mozzarella-cheese-200-g,Out of Stock,,2026-09-14 18:46:24.282738,25
243,Seoudi Supermarket,Ulker Turkish Cheese Balls,234.95,285,EGP,Ulker,Cheese,Cheese & Labneh,,250.0,g,https://seoudisupermarket.com/en/ulker-turkish-cheese-balls-250-g,Out of Stock,,2026-09-14 18:46:24.283739,18
244,Seoudi Supermarket,Ulker Turkish Labneh,152.95,190,EGP,Ulker,Labneh,Cheese & Labneh,Labneh,275.0,g,https://seoudisupermarket.com/en/ulker-turkish-labneh-275-g,Out of Stock,,2026-09-14 18:46:24.284740,20
245,Seoudi Supermarket,Ulker Turkish Labneh,274.95,330,EGP,Ulker,Labneh,Cheese & Labneh,Labneh,550.0,g,https://seoudisupermarket.com/en/ulker-turkish-labneh-550-g,Out of Stock,,2026-09-14 18:46:24.285739,17
246,Seoudi Supermarket,Ulker Turkish Labneh,104.95,130,EGP,Ulker,Labneh,Cheese & Labneh,Labneh,180.0,g,https://seoudisupermarket.com/en/ulker-turkish-labneh-180-g,Out of Stock,,2026-09-14 18:46:24.286739,19
247,Seoudi Supermarket,Yopolis Low Salt Cheese Free from Vegetable Oils,114.75,135,EGP,Yopolis,Cheese,Cheese & Labneh,,450.0,g,https://seoudisupermarket.com/en/yopolis-low-salt-cheese-free-from-vegetable-oils-450-g,Out of Stock,,2026-09-14 18:46:24.287740,15
248,Seoudi Supermarket,Almarai Full Fat Cheddar Cheese,104.95,,EGP,Almarai,Cheese,Cheese & Labneh,,113.0,g,https://seoudisupermarket.com/en/almarai-full-fat-cheddar-cheese-113-g,Out of Stock,,2026-09-14 18:46:24.288739
249,Seoudi Supermarket,Almarai Full Fat Cheddar Cheese,179.95,,EGP,Almarai,Cheese,Cheese & Labneh,,200.0,g,https://seoudisupermarket.com/en/almarai-full-fat-cheddar-cheese-200-g,Out of Stock,,2026-09-14 18:46:24.289746
250,Seoudi Supermarket,Domty Cheddar Cheese Sauce,72.95,83.95,EGP,Domty,Cheese,Cheese & Labneh,,250.0,g,https://seoudisupermarket.com/en/domty-cheddar-cheese-sauce-250-g,Out of Stock,,2026-09-14 18:46:24.290744,13
251,Seoudi Supermarket,Kraft Processed Cheddar Cheese,66.95,90,EGP,Kraft,Cheese,Cheese & Labneh,,50.0,g,https://seoudisupermarket.com/en/%D9%83%D8%B1%D8%A7%D9%81%D8%AA-%D8%AC%D8%A8%D9%86%D8%A9-%D8%B4%D9%8A%D8%AF%D8%B1-%D8%B5%D9%81%D9%8A%D8%AD50%D8%AC%D9%85,Out of Stock,,2026-09-14 18:46:33.485135,26
252,Seoudi Supermarket,Almarai Cheddar Cheese Slices,159.95,,EGP,Almarai,Cheese,Cheese & Labneh,,10,Pieces,https://seoudisupermarket.com/en/almarai-cheddar-cheese-slices-10-piece,Out of Stock,,2026-09-14 18:46:33.486136
253,Seoudi Supermarket,Almarai Creamy Cheese,91,,EGP,Almarai,Cheese,Cheese & Labneh,Creamy Cheese,200.0,g,https://seoudisupermarket.com/en/almarai-creamy-cheese-200-g,Out of Stock,,2026-09-14 18:46:33.487135
254,Seoudi Supermarket,Obour Land Gold Feta Cheese,85.75,99.75,EGP,Obour Land,Cheese,Cheese & Labneh,Feta,500.0,g,https://seoudisupermarket.com/en/obour-land-gold-feta-cheese-500-g,Out of Stock,,2026-09-14 18:46:33.487135,14
255,Seoudi Supermarket,Avanti Cheddar Spread Cream Flavor,71.5,84,EGP,Avanti,Cheese,Cheese & Labneh,,240.0,g,https://seoudisupermarket.com/en/avanti-cheddar-spread-cream-flavor-240-g,Out of Stock,,2026-09-14 18:46:33.488134,15
256,Seoudi Supermarket,Avanti Cheddar Spread Roumy Flavor,66,78,EGP,Avanti,Cheese,Cheese & Labneh,Roumy,240.0,g,https://seoudisupermarket.com/en/avanti-cheddar-spread-roumy-flavor-240-g,Out of Stock,,2026-09-14 18:46:33.491133,15
257,Seoudi Supermarket,Master Burger Cheese Slices,119.95,,EGP,Master,Cheese,Cheese & Labneh,,12,Pieces,https://seoudisupermarket.com/en/master-burger-cheese-slices-12-pieces,Out of Stock,,2026-09-14 18:46:33.492135
258,Seoudi Supermarket,Domty White Cheese with Cream,109.95,144.75,EGP,Domty,Cheese,Cheese & Labneh,White Cheese,450.0,g,https://seoudisupermarket.com/en/domty-white-cheese-with-cream-450-g,Out of Stock,,2026-09-14 18:46:33.493133,24
259,Seoudi Supermarket,Happy Cow Cheddar Cheese Slices,119.95,,EGP,Happy Cow,Cheese,Cheese & Labneh,,8,Pieces,https://seoudisupermarket.com/en/happy-cow-cheddar-cheese-slices-8-pieces,Out of Stock,,2026-09-14 18:46:33.494133
260,Seoudi Supermarket,Dina Farms Ricotta Cheese,65.95,,EGP,Dina Farms,Cheese,Cheese & Labneh,Ricotta,250.0,g,https://seoudisupermarket.com/en/dina-farms-ricotta-cheese-250-g,Out of Stock,,2026-09-14 18:46:33.495135
261,Seoudi Supermarket,New Roumy Cheese,29.88,,EGP,,Cheese,Cheese & Labneh,Roumy,0.125,Kg,https://seoudisupermarket.com/en/new-roumy-cheese,Out of Stock,,2026-09-14 18:46:33.497136
262,Seoudi Supermarket,Domty Creamy Cheese with Pastrami,79.95,99.95,EGP,Domty,Cheese,Cheese & Labneh,Creamy Cheese,220.0,g,https://seoudisupermarket.com/en/domty-creamy-cheese-with-pastrami-220-g,Out of Stock,,2026-09-14 18:46:33.498137,20
263,Seoudi Supermarket,Puck Creamy Cheese Light,250,,EGP,Puck,Cheese,Cheese & Labneh,Creamy Cheese,240.0,g,https://seoudisupermarket.com/en/puck-creamy-cheese-light-240-g,Out of Stock,,2026-09-14 18:46:33.499133
264,Seoudi Supermarket,Puck Light Creamy Cheese,450,,EGP,Puck,Cheese,Cheese & Labneh,Creamy Cheese,500.0,g,https://seoudisupermarket.com/en/puck-light-creamy-cheese-500g,Out of Stock,,2026-09-14 18:46:33.500137
265,Seoudi Supermarket,Puck Creamy Cheese Rich in Vitamin D,450,,EGP,Puck,Cheese,Cheese & Labneh,Creamy Cheese,500.0,g,https://seoudisupermarket.com/en/puck-creamy-cheese-rich-in-vitamin-d-500-g,Out of Stock,,2026-09-14 18:46:33.501154
266,Seoudi Supermarket,Kraft Cheddar Cheese,450,,EGP,Kraft,Cheese,Cheese & Labneh,,480.0,g,https://seoudisupermarket.com/en/kraft-cheddar-cheese-480-g,Out of Stock,,2026-09-14 18:46:33.502134
267,Seoudi Supermarket,Kiri Turkish Labneh with Thyme,71.95,92,EGP,Kiri,Labneh,Cheese & Labneh,Labneh,150.0,g,https://seoudisupermarket.com/en/kiri-turkish-labneh-with-thyme-150-g,Out of Stock,,2026-09-14 18:46:33.503136,22
268,Seoudi Supermarket,Avanti Low Salt Semi Skimmed White Cheese,115.5,132.25,EGP,Avanti,Cheese,Cheese & Labneh,White Cheese,450.0,g,https://seoudisupermarket.com/en/avanti-low-salt-semi-skimmed-white-cheese-450-g,Out of Stock,,2026-09-14 18:46:33.504133,13
269,Seoudi Supermarket,La Vache Qui Rit Feta Cheese,124.95,,EGP,La Vache Qui Rit,Cheese,Cheese & Labneh,Feta,450.0,g,https://seoudisupermarket.com/en/la-vache-qui-rit-feta-cheese-450-g,Out of Stock,,2026-09-14 18:46:33.505133
270,Seoudi Supermarket,La Vache Qui Rit Baramili Cheese,124.95,,EGP,La Vache Qui Rit,Cheese,Cheese & Labneh,Baramili,450.0,g,https://seoudisupermarket.com/en/la-vache-qui-rit-baramili-cheese-450-g,Out of Stock,,2026-09-14 18:46:33.507134
271,Seoudi Supermarket,La Vache Qui Rit Istanbouli Cheese,124.95,,EGP,La Vache Qui Rit,Cheese,Cheese & Labneh,Istanbuli,450.0,g,https://seoudisupermarket.com/en/la-vache-qui-rit-istanbouli-cheese-450-g,Out of Stock,,2026-09-14 18:46:33.508133
272,Seoudi Supermarket,Almarai Fresh Labneh,102.95,,EGP,Almarai,Labneh,Cheese & Labneh,Labneh,250.0,g,https://seoudisupermarket.com/en/almarai-fresh-labneh-250-g,Out of Stock,,2026-09-14 18:46:33.509133
273,Seoudi Supermarket,Puck Squeez Cream Cheese Spread,409.95,500,EGP,Puck,Cheese,Cheese & Labneh,Cream Cheese,400.0,g,https://seoudisupermarket.com/en/puck-squeez-cream-cheese-spread-400-g,Out of Stock,,2026-09-14 18:46:33.510132,18
274,Seoudi Supermarket,Avanti Natural Cheese Mix,110,127.5,EGP,Avanti,Cheese,Cheese & Labneh,,300.0,g,https://seoudisupermarket.com/en/avanti-natural-mozzarella-cheese-mix-300g,Out of Stock,,2026-09-14 18:46:33.512133,14
275,Seoudi Supermarket,La Vache Qui Rit Cheddar Cheese Slices,314.95,,EGP,La Vache Qui Rit,Cheese,Cheese & Labneh,,24,Pieces,https://seoudisupermarket.com/en/la-vache-qui-rit-cheddar-cheese-slices-24-pieces,Out of Stock,,2026-09-14 18:46:33.513131
276,Seoudi Supermarket,La Vache Qui Rit Chedder Cheese Slices,164.95,,EGP,La Vache Qui Rit,Cheese,Cheese & Labneh,,12,Pieces,https://seoudisupermarket.com/en/la-vache-qui-rit-chedder-cheese-slices-12-pieces,Out of Stock,,2026-09-14 18:46:33.514132
277,Seoudi Supermarket,La Vache Qui Rit Cheese Slices for Burgers,164.95,,EGP,La Vache Qui Rit,Cheese,Cheese & Labneh,,12,Pieces,https://seoudisupermarket.com/en/la-vache-qui-rit-cheese-slices-for-burgers-12-pieces,Out of Stock,,2026-09-14 18:46:33.515132
278,Seoudi Supermarket,Almarai Istanbuli Cheese,115.5,126.5,EGP,Almarai,Cheese,Cheese & Labneh,Istanbuli,450.0,g,https://seoudisupermarket.com/en/almarai-istanbuli-cheese-450-g,Out of Stock,,2026-09-14 18:46:33.517135,9
279,Seoudi Supermarket,La Vache Qui Rit Classic Triangle Cheese,186,,EGP,La Vache Qui Rit,Cheese,Cheese & Labneh,Triangle Cheese,40,Pieces,https://seoudisupermarket.com/en/la-vache-qui-rit-classic-triangle-cheese-40-pieces,Out of Stock,,2026-09-14 18:46:33.518133
280,Seoudi Supermarket,Avanti Natural Mozzarella Cheese,110,127.5,EGP,Avanti,Cheese,Cheese & Labneh,Mozzarella,300.0,g,https://seoudisupermarket.com/en/avanti-natural-mozzarella-cheese-300-g,Out of Stock,,2026-09-14 18:46:33.519131,14
281,Seoudi Supermarket,Almarai Soft White Cheese,115.5,126.5,EGP,Almarai,Cheese,Cheese & Labneh,White Cheese,450.0,g,https://seoudisupermarket.com/en/almarai-feta-cheese-450-g,Out of Stock,,2026-09-14 18:46:33.520131,9
282,Seoudi Supermarket,Panda Feta Cheese with Pastrami Flavor,53.5,,EGP,Panda,Cheese,Cheese & Labneh,Feta,500.0,g,https://seoudisupermarket.com/en/panda-feta-cheese-with-pastrami-flavor-500-g,Out of Stock,,2026-09-14 18:46:33.521133
283,Seoudi Supermarket,Greek Feta Cheese in Oil,149,,EGP,,Cheese,Cheese & Labneh,Feta,200.0,g,https://seoudisupermarket.com/en/greek-feta-cheese-200-g,Out of Stock,,2026-09-14 18:46:33.522132
284,Seoudi Supermarket,Domty Gold Feta Emmental Cheese,45.75,57.5,EGP,Domty,Cheese,Cheese & Labneh,Emmental,250.0,g,https://seoudisupermarket.com/en/domty-gold-feta-emmental-cheese-250-g,Out of Stock,,2026-09-14 18:46:33.524131,20
285,Seoudi Supermarket,Virgilio Mascarpone,355,,EGP,Virgilio,Cheese,Cheese & Labneh,Mascarpone,500.0,g,https://seoudisupermarket.com/en/virgilio-mascarpone-500-g,Out of Stock,,2026-09-14 18:46:33.525134
286,Seoudi Supermarket,Almarai Cheddar Cheese Slices for Sandwich,159.95,,EGP,Almarai,Cheese,Cheese & Labneh,,10,Pieces,https://seoudisupermarket.com/en/almarai-cheddar-cheese-slices-10-pieces,Out of Stock,,2026-09-14 18:46:33.526133
287,Seoudi Supermarket,Almarai Burger Cheese Slices,159.95,,EGP,Almarai,Cheese,Cheese & Labneh,,10,Pieces,https://seoudisupermarket.com/en/almarai-burger-cheese-slices-10-pieces,Out of Stock,,2026-09-14 18:46:33.527133
288,Seoudi Supermarket,La Vache Qui Rit Creamy Cheese Spread Jar,218.95,,EGP,La Vache Qui Rit,Cheese,Cheese & Labneh,Creamy Cheese,500.0,g,https://seoudisupermarket.com/en/la-vache-qui-rit-creamy-cheese-spread-jar-500-g,Out of Stock,,2026-09-14 18:46:33.528133
289,Seoudi Supermarket,Dodoni Low Salt Feta Cheese,288,,EGP,Dodoni,Cheese,Cheese & Labneh,Feta,200.0,g,https://seoudisupermarket.com/en/dodoni-low-salt-feta-cheese-200-g,Out of Stock,,2026-09-14 18:46:33.529130
290,Seoudi Supermarket,Alasdekaa Cottage Cheese,109.95,,EGP,Alasdekaa,Cheese,Cheese & Labneh,Cottage Cheese,800.0,g,https://seoudisupermarket.com/en/alasdekaa-cottage-cheese-800-g,Out of Stock,,2026-09-14 18:46:33.530133
291,Seoudi Supermarket,Domty Feta Cheese with Pepper,45.33,54,EGP,Domty,Cheese,Cheese & Labneh,Feta,500.0,g,https://seoudisupermarket.com/en/domty-feta-cheese-with-pepper-500-g,Out of Stock,,2026-09-14 18:46:33.531131,16
292,Seoudi Supermarket,Domty Feta Cheese with Pepper,22.75,27.25,EGP,Domty,Cheese,Cheese & Labneh,Feta,250.0,g,https://seoudisupermarket.com/en/domty-feta-cheese-with-pepper-250-g,Out of Stock,,2026-09-14 18:46:33.533140,17
293,Seoudi Supermarket,Domty Creamy Cheese with Jalapeno,136.5,149.5,EGP,Domty,Cheese,Cheese & Labneh,Creamy Cheese,380.0,g,https://seoudisupermarket.com/en/domty-creamy-cheese-with-jalapeno-380-g,Out of Stock,,2026-09-14 18:46:33.535133,9
294,Seoudi Supermarket,Domty Creamy Cheese with Honey,136.5,149.5,EGP,Domty,Cheese,Cheese & Labneh,Creamy Cheese,380.0,g,https://seoudisupermarket.com/en/domty-creamy-cheese-with-honey-380-g,Out of Stock,,2026-09-14 18:46:33.536132,9
295,Seoudi Supermarket,Domty Cream Cheese with Honey,79.95,99.95,EGP,Domty,Cheese,Cheese & Labneh,Cream Cheese,220.0,g,https://seoudisupermarket.com/en/domty-cream-cheese-with-honey-220-g,Out of Stock,,2026-09-14 18:46:33.537132,20
296,Seoudi Supermarket,Alasdekaa Cheese with Cheddar,97.95,101.95,EGP,Alasdekaa,Cheese,Cheese & Labneh,,270.0,g,https://seoudisupermarket.com/en/alasdekaa-cheese-with-cheddar-270-g,Out of Stock,,2026-09-14 18:46:33.538132,4
297,Seoudi Supermarket,Alasdekaa Cheese with Cream,97.95,101.95,EGP,Alasdekaa,Cheese,Cheese & Labneh,,270.0,g,https://seoudisupermarket.com/en/alasdekaa-cheese-with-cream-270-g,Out of Stock,,2026-09-14 18:46:33.539133,4
298,Seoudi Supermarket,Alasdekaa Cheese with Pastrami,108.95,113.95,EGP,Alasdekaa,Cheese,Cheese & Labneh,,270.0,g,https://seoudisupermarket.com/en/alasdekaa-cheese-with-pastrami-270-g,Out of Stock,,2026-09-14 18:46:33.541134,4
299,Seoudi Supermarket,Puck Spread Cream Cheese,444.95,500,EGP,Puck,Cheese,Cheese & Labneh,Cream Cheese,500.0,g,https://seoudisupermarket.com/en/puck-spread-cream-cheese-500-g,Out of Stock,,2026-09-14 18:46:33.542135,11
300,Seoudi Supermarket,Abu El-Walad Cheese with Cheddar,20,,EGP,Abu El-Walad,Cheese,Cheese & Labneh,,100.0,g,https://seoudisupermarket.com/en/abu-elwalad-cheese-with-cheddar-100-g,Out of Stock,,2026-09-14 18:46:33.543132
301,Seoudi Supermarket,Abu El-Walad Classic Cheese,20,,EGP,Abu El-Walad,Cheese,Cheese & Labneh,,100.0,g,https://seoudisupermarket.com/en/abu-elwalad-classic-cheese-100-g,Out of Stock,,2026-09-14 18:46:43.674783
302,Seoudi Supermarket,Bahcivan Lactose Free Cheese,325,,EGP,Bahcivan,Cheese,Cheese & Labneh,,420.0,g,https://seoudisupermarket.com/en/bahcivan-lactose-free-cheese-420-g,Out of Stock,,2026-09-14 18:46:43.674783
303,Seoudi Supermarket,Kraft Squeeze Original Cheddar Cheese,440,,EGP,Kraft,Cheese,Cheese & Labneh,,440.0,g,https://seoudisupermarket.com/en/kraft-original-spread-cheddar-cheese-440-g,Out of Stock,,2026-09-14 18:46:43.675791
304,Seoudi Supermarket,Kraft Original Cheddar Cheese,250,,EGP,Kraft,Cheese,Cheese & Labneh,,230.0,g,https://seoudisupermarket.com/en/kraft-original-cheddar-cheese-230-g,Out of Stock,,2026-09-14 18:46:43.676806
305,Seoudi Supermarket,Domty Istanbouli Cheese,109.95,144.75,EGP,Domty,Cheese,Cheese & Labneh,Istanbuli,450.0,g,https://seoudisupermarket.com/en/domty-istanbouli-cheese-450-g,Out of Stock,,2026-09-14 18:46:43.677786,24
306,Seoudi Supermarket,Domty Gold Light Feta Cheese,90.95,114.75,EGP,Domty,Cheese,Cheese & Labneh,Feta,500.0,g,https://seoudisupermarket.com/en/domty-gold-lite-feta-cheese-500-g,Out of Stock,,2026-09-14 18:46:43.677786,21
307,Seoudi Supermarket,Domty Light Mozzarella Cheese,128.95,169.5,EGP,Domty,Cheese,Cheese & Labneh,Mozzarella,280.0,g,https://seoudisupermarket.com/en/domty-light-mozzarella-cheese-280-g,Out of Stock,,2026-09-14 18:46:43.678787,24
308,Seoudi Supermarket,Domty Mozzarella Cheese,128.95,169.5,EGP,Domty,Cheese,Cheese & Labneh,Mozzarella,280.0,g,https://seoudisupermarket.com/en/domty-mozzarella-cheese-280-g,Out of Stock,,2026-09-14 18:46:43.678787,24
309,Seoudi Supermarket,Domty Gold Feta Cheese,90.95,114.75,EGP,Domty,Cheese,Cheese & Labneh,Feta,500.0,g,https://seoudisupermarket.com/en/domty-gold-feta-cheese-500-g,Out of Stock,,2026-09-14 18:46:43.679790,21
310,Seoudi Supermarket,g's Natural Mozzarella Cheese,177.5,,EGP,g's,Cheese,Cheese & Labneh,Mozzarella,350.0,g,https://seoudisupermarket.com/en/gs-natural-mozzarella-cheese-350-g,Out of Stock,,2026-09-14 18:46:43.679790
311,Seoudi Supermarket,Dina Farms Cheese with Cream,193.95,,EGP,Dina Farms,Cheese,Cheese & Labneh,,500.0,g,https://seoudisupermarket.com/en/dina-farms-cheese-with-cream-500-g,Out of Stock,,2026-09-14 18:46:43.680785
312,Seoudi Supermarket,Blue River Cheddar Cheese Slices,493,,EGP,Blue River,Cheese,Cheese & Labneh,,48,Pieces,https://seoudisupermarket.com/en/blue-river-cheddar-cheese-slices-48-pieces,Out of Stock,,2026-09-14 18:46:43.681785
313,Seoudi Supermarket,Domty Creamy Roumy Cheese,79.95,99.95,EGP,Domty,Cheese,Cheese & Labneh,Roumy,220.0,g,https://seoudisupermarket.com/en/domty-creamy-roumy-cheese-220-g,Out of Stock,,2026-09-14 18:46:43.681785,20
314,Seoudi Supermarket,Domty Plain Creamy Cheese,79.95,99.95,EGP,Domty,Cheese,Cheese & Labneh,Creamy Cheese,220.0,g,https://seoudisupermarket.com/en/domty-plain-creamy-cheese-220-g,Out of Stock,,2026-09-14 18:46:43.682785,20
315,Seoudi Supermarket,Domty Creamy Cheese with Burger Flavor,79.95,99.95,EGP,Domty,Cheese,Cheese & Labneh,Creamy Cheese,220.0,g,https://seoudisupermarket.com/en/domty-creamy-cheese-with-burger-flavor-220-g,Out of Stock,,2026-09-14 18:46:43.682785,20
316,Seoudi Supermarket,Domty Feta Cheese,22.75,27.25,EGP,Domty,Cheese,Cheese & Labneh,Feta,250.0,g,https://seoudisupermarket.com/en/domty-feta-cheese-250-g,Out of Stock,,2026-09-14 18:46:43.683784,17
317,Seoudi Supermarket,Domty Light Creamy Cheese,136.5,149.5,EGP,Domty,Cheese,Cheese & Labneh,Creamy Cheese,380.0,g,https://seoudisupermarket.com/en/domty-light-creamy-cheese-380-g,Out of Stock,,2026-09-14 18:46:43.683784,9
318,Seoudi Supermarket,Domty Feta Cheese,45.33,54,EGP,Domty,Cheese,Cheese & Labneh,Feta,500.0,g,https://seoudisupermarket.com/en/domty-feta-cheese-500-g,Out of Stock,,2026-09-14 18:46:43.684788,16
319,Seoudi Supermarket,Domty Istanbuli Cheese,85.5,103.95,EGP,Domty,Cheese,Cheese & Labneh,Istanbuli,1.0,kg,https://seoudisupermarket.com/en/domty-istanbuli-cheese-1kg,Out of Stock,,2026-09-14 18:46:43.685788,18
320,Seoudi Supermarket,Domty Feta Light Cheese,99.95,108,EGP,Domty,Cheese,Cheese & Labneh,Feta,1.0,kg,https://seoudisupermarket.com/en/domty-feta-light-cheese-1-kg,Out of Stock,,2026-09-14 18:46:43.685788,7
321,Seoudi Supermarket,Domty Plus Istanbouli Cheese,52.95,62.5,EGP,Domty,Cheese,Cheese & Labneh,Istanbuli,500.0,g,https://seoudisupermarket.com/en/domty-plus-istanbouli-cheese-500-g,Out of Stock,,2026-09-14 18:46:43.686786,15
322,Seoudi Supermarket,Domty Plus Feta Cheese,26.5,31.25,EGP,Domty,Cheese,Cheese & Labneh,Feta,250.0,g,https://seoudisupermarket.com/en/domty-plus-feta-cheese-250-g,Out of Stock,,2026-09-14 18:46:43.686786,15
323,Seoudi Supermarket,Domty Low Salt Cheese,116.95,129.75,EGP,Domty,Cheese,Cheese & Labneh,,400.0,g,https://seoudisupermarket.com/en/domty-low-salt-cheese-400-g,Out of Stock,,2026-09-14 18:46:43.687787,10
324,Seoudi Supermarket,Domty Creamy Cheese with Pastrami,136.5,149.5,EGP,Domty,Cheese,Cheese & Labneh,Creamy Cheese,380.0,g,https://seoudisupermarket.com/en/domty-creamy-cheese-with-pastrami-380-g,Out of Stock,,2026-09-14 18:46:43.688787,9
325,Seoudi Supermarket,Domty Plus Feta Cheese with Pastrami Flavor,52.95,62.5,EGP,Domty,Cheese,Cheese & Labneh,Feta,500.0,g,https://seoudisupermarket.com/en/domty-plus-feta-cheese-with-pastrami-flavor-500-g,Out of Stock,,2026-09-14 18:46:43.688787,15
326,Seoudi Supermarket,Domty Shredded Mozzarella Cheese,82.25,104.75,EGP,Domty,Cheese,Cheese & Labneh,Mozzarella,280.0,g,https://seoudisupermarket.com/en/domty-shredded-mozzarella-cheese-280-g,Out of Stock,,2026-09-14 18:46:43.689786,21
327,Seoudi Supermarket,Domty Shredded Mozzarella Cheese,162.75,199.5,EGP,Domty,Cheese,Cheese & Labneh,Mozzarella,550.0,g,https://seoudisupermarket.com/en/domty-shredded-mozzarella-cheese-550-g,Out of Stock,,2026-09-14 18:46:43.689786,18
328,Seoudi Supermarket,Domty Shredded Mozzarella Cheese,279.95,349,EGP,Domty,Cheese,Cheese & Labneh,Mozzarella,1.0,kg,https://seoudisupermarket.com/en/domty-shredded-mozzarella-cheese-1-kg,Out of Stock,,2026-09-14 18:46:43.690787,20
329,Seoudi Supermarket,Domty Feta Cheese with Olives,85.5,103.95,EGP,Domty,Cheese,Cheese & Labneh,Feta,1.0,kg,https://seoudisupermarket.com/en/domty-feta-cheese-with-olives-1-kg,Out of Stock,,2026-09-14 18:46:43.690787,18
330,Seoudi Supermarket,Domty Plain Creamy Cheese,136.5,149.5,EGP,Domty,Cheese,Cheese & Labneh,Creamy Cheese,380.0,g,https://seoudisupermarket.com/en/domty-plain-creamy-cheese-380-g,Out of Stock,,2026-09-14 18:46:43.691786,9
331,Seoudi Supermarket,Domty Olive Creamy Cheese,136.5,149.5,EGP,Domty,Cheese,Cheese & Labneh,Creamy Cheese,380.0,g,https://seoudisupermarket.com/en/domty-olive-creamy-cheese-380-g,Out of Stock,,2026-09-14 18:46:43.692787,9
332,Seoudi Supermarket,Avanti Mozzarella Cheese Slices,66,78,EGP,Avanti,Cheese,Cheese & Labneh,Mozzarella,150.0,g,https://seoudisupermarket.com/en/avanti-mozzarella-cheese-slices-150-g,Out of Stock,,2026-09-14 18:46:43.693798,15
333,Seoudi Supermarket,Avanti Natural Feta Cheese,187,207,EGP,Avanti,Cheese,Cheese & Labneh,Feta,800.0,g,https://seoudisupermarket.com/en/avanti-natural-feta-cheese-800-g,Out of Stock,,2026-09-14 18:46:43.694787,10
334,Seoudi Supermarket,Yopolis Dipz Cream Cheese with Garlic & Herbs and Pretzel Crackers,29,,EGP,Yopolis,Cheese,Cheese & Labneh,Cream Cheese,70.0,g,https://seoudisupermarket.com/en/yopolis-dipz-cream-cheese-with-garlic-and-herbs-and-pretzel-crackers-70-g,Out of Stock,,2026-09-14 18:46:43.695788
335,Seoudi Supermarket,Yopolis Dipz Cream Cheese with Pretzel Crackers,29,,EGP,Yopolis,Cheese,Cheese & Labneh,Cream Cheese,70.0,g,https://seoudisupermarket.com/en/yopolis-dipz-cream-cheese-with-pretzel-crackers-70-g,Out of Stock,,2026-09-14 18:46:43.695788
336,Seoudi Supermarket,Almarai Feta Cheese,25.95,,EGP,Almarai,Cheese,Cheese & Labneh,Feta,250.0,g,https://seoudisupermarket.com/en/almarai-feta-cheese-250-g,Out of Stock,,2026-09-14 18:46:43.696783
337,Seoudi Supermarket,Almarai Cream Cheese,124.95,140,EGP,Almarai,Cheese,Cheese & Labneh,Cream Cheese,12,Pieces,https://seoudisupermarket.com/en/almarai-cream-cheese-12-pieces,Out of Stock,,2026-09-14 18:46:43.696783,11
338,Seoudi Supermarket,Almarai Cream Cheese,64.95,70,EGP,Almarai,Cheese,Cheese & Labneh,Cream Cheese,6,Pieces,https://seoudisupermarket.com/en/almarai-cream-cheese-6-pieces,Out of Stock,,2026-09-14 18:46:43.697783,7
339,Seoudi Supermarket,Grated Parmigiano Reggiano Cheese,211.88,,EGP,,Cheese,Cheese & Labneh,Parmesan,0.125,Kg,https://seoudisupermarket.com/en/grated-parmigiano-reggiano-cheese,Out of Stock,,2026-09-14 18:46:43.698799
340,Seoudi Supermarket,Seoudi Blue Cheese Salad,40.63,,EGP,Seoudi,Cheese,Cheese & Labneh,Blue Cheese,0.125,Kg,https://seoudisupermarket.com/en/seoudi-blue-cheese-salad,Out of Stock,,2026-09-14 18:46:43.698799
341,Seoudi Supermarket,Primos Natural Mozzarella,135,,EGP,Primos,Cheese,Cheese & Labneh,Mozzarella,300.0,g,https://seoudisupermarket.com/en/primos-natural-mozzarella-300-g,Out of Stock,,2026-09-14 18:46:43.699787
342,Seoudi Supermarket,Yopolis Garlic and Herb Cheese,88,98,EGP,Yopolis,Cheese,Cheese & Labneh,,225.0,g,https://seoudisupermarket.com/en/yopolis-garlic-and-herb-cheese-225-g,Out of Stock,,2026-09-14 18:46:43.700792,10
343,Seoudi Supermarket,Seoudi Natural Mozzarella Cheese Slices,49.38,,EGP,Seoudi,Cheese,Cheese & Labneh,Mozzarella,0.125,Kg,https://seoudisupermarket.com/en/seoudi-natural-mozzarella-cheese-slices,Out of Stock,,2026-09-14 18:46:43.700792
344,Seoudi Supermarket,Obour Land Natural Feta Cheese,47.45,,EGP,Obour Land,Cheese,Cheese & Labneh,Feta,250.0,g,https://seoudisupermarket.com/en/obour-land-natural-feta-cheese-250-g,Out of Stock,,2026-09-14 18:46:43.701785
345,Seoudi Supermarket,"La Vache Qui rit Triangle Cheese, Original",66.95,,EGP,La Vache Qui Rit,Cheese,Cheese & Labneh,Triangle Cheese,8,Pieces,https://seoudisupermarket.com/en/la-vache-qui-rit-triangle-cheese-original-8-pieces,Out of Stock,,2026-09-14 18:46:43.701785
346,Seoudi Supermarket,Babybel Mini,122.5,,EGP,Babybel,Cheese,Cheese & Labneh,Babybel,100.0,g,https://seoudisupermarket.com/en/babybel-mini-100-g,Out of Stock,,2026-09-14 18:46:43.702783
347,Seoudi Supermarket,Dina Farms Low Salt Cheese,114.95,,EGP,Dina Farms,Cheese,Cheese & Labneh,,450.0,g,https://seoudisupermarket.com/en/dina-farms-low-salt-cheese-450-g,Out of Stock,,2026-09-14 18:46:43.703782
348,Seoudi Supermarket,Seoudi Multigrain Cottage Cheese,85,,EGP,Seoudi,Cheese,Cheese & Labneh,Cottage Cheese,250.0,g,https://seoudisupermarket.com/en/seoudi-multigrain-cottage-cheese-250-g,Out of Stock,,2026-09-14 18:46:43.703782
349,Seoudi Supermarket,Kiri Dippers Cheese,34.5,,EGP,Kiri,Cheese,Cheese & Labneh,,35.0,g,https://seoudisupermarket.com/en/kiri-dippers-cheese-35-g,Out of Stock,,2026-09-14 18:46:43.704785
350,Seoudi Supermarket,Milkana Cheddar Cheese Sauce,246.95,,EGP,Milkana,Cheese,Cheese & Labneh,,900.0,g,https://seoudisupermarket.com/en/milkana-cheddar-cheese-sauce-900-g,Out of Stock,,2026-09-14 18:46:43.704785
351,Seoudi Supermarket,Kiri Spread Creamy Cheese,319.95,360,EGP,Kiri,Cheese,Cheese & Labneh,Creamy Cheese,500.0,g,https://seoudisupermarket.com/en/kiri-spread-creamy-cheese-500-g,Out of Stock,,2026-09-14 18:46:54.657801,11
352,Seoudi Supermarket,Al Sharq Halloumi Cheese Fingers,103.5,,EGP,Al Sharq,Cheese,Cheese & Labneh,Halloumi,200.0,g,https://seoudisupermarket.com/en/al-sharq-halloumi-cheese-fingers-200-g,Out of Stock,,2026-09-14 18:46:54.658803
353,Seoudi Supermarket,Malika Hallomi Cheese,126.95,,EGP,Malika,Cheese,Cheese & Labneh,,300.0,g,https://seoudisupermarket.com/en/malika-hallomi-cheese-300-g,Out of Stock,,2026-09-14 18:46:54.659798
354,Seoudi Supermarket,Alsharq Halloumi Cheese,103.5,,EGP,Al Sharq,Cheese,Cheese & Labneh,Halloumi,200.0,g,https://seoudisupermarket.com/en/alsharq-halloumi-cheese-200-g,Out of Stock,,2026-09-14 18:46:54.659798
355,Seoudi Supermarket,Alasdekaa Moazzarella Cheese,345.95,349.95,EGP,Alasdekaa,Cheese,Cheese & Labneh,Mozzarella,900.0,g,https://seoudisupermarket.com/en/alasdekaa-moazzarella-cheese-900-g,Out of Stock,,2026-09-14 18:46:54.661801,1
356,Seoudi Supermarket,Alasdekaa Mozzarella Cheese,91.95,97.95,EGP,Alasdekaa,Cheese,Cheese & Labneh,Mozzarella,200.0,g,https://seoudisupermarket.com/en/alasdekaa-mozzarella-cheese-200-g,Out of Stock,,2026-09-14 18:46:54.662800,6
357,Seoudi Supermarket,Alasdekaa Mozzarella Cheese,143.95,,EGP,Alasdekaa,Cheese,Cheese & Labneh,Mozzarella,300.0,g,https://seoudisupermarket.com/en/alasdekaa-mozzarella-cheese-300-g,Out of Stock,,2026-09-14 18:46:54.663800
358,Seoudi Supermarket,Food House Goat Cheese with Black Pepper,102,,EGP,Food House,Cheese,Cheese & Labneh,Goat Cheese,150.0,g,https://seoudisupermarket.com/en/food-house-goat-cheese-with-black-pepper-150-g,Out of Stock,,2026-09-14 18:46:54.664799
359,Seoudi Supermarket,Food House Thyme Goat Cheese,102,,EGP,Food House,Cheese,Cheese & Labneh,Goat Cheese,150.0,g,https://seoudisupermarket.com/en/food-house-thyme-goat-cheese-150-g,Out of Stock,,2026-09-14 18:46:54.665800
360,Seoudi Supermarket,Dutch Maasdam Cheese,78.13,,EGP,,Cheese,Cheese & Labneh,Maasdam,0.125,Kg,https://seoudisupermarket.com/en/%D8%AC%D8%A8%D9%86%D8%A9-%D9%85%D8%B3%D8%AF%D8%A7%D9%85-%D9%87%D9%88%D9%84%D9%86%D8%AF%D9%89-%D9%88%D8%B2%D9%86-2005467000000,Out of Stock,,2026-09-14 18:46:54.666797
361,Seoudi Supermarket,Old Amsterdam Cheese Wedges,639.95,740,EGP,Old Amsterdam,Cheese,Cheese & Labneh,,300.0,g,https://seoudisupermarket.com/en/old-amsterdam-cheese-wedges-300-g,Out of Stock,,2026-09-14 18:46:54.667798,14
362,Seoudi Supermarket,Old Amsterdam Cheese Wedges,249.95,350,EGP,Old Amsterdam,Cheese,Cheese & Labneh,,90.0,g,https://seoudisupermarket.com/en/old-amsterdam-cheese-wedges-90-g,Out of Stock,,2026-09-14 18:46:54.668799,29
363,Seoudi Supermarket,Cheesa Roquefort Cheese,121,,EGP,Cheesa,Cheese,Cheese & Labneh,Roquefort,100.0,g,https://seoudisupermarket.com/en/cheesa-roquefort-cheese-100-g,Out of Stock,,2026-09-14 18:46:54.669797
364,Seoudi Supermarket,Seoudi Blue Cheese & Tortilla Chips,115,,EGP,Seoudi,Cheese,Cheese & Labneh,Blue Cheese,170.0,g,https://seoudisupermarket.com/en/seoudi-blue-cheese-and-tortilla-chips-170-g,Out of Stock,,2026-09-14 18:46:54.670798
365,Seoudi Supermarket,Saluti French Emmental Cheese,168.75,,EGP,Saluti,Cheese,Cheese & Labneh,Emmental,150.0,g,https://seoudisupermarket.com/en/saluti-french-emmental-cheese-150-g,Out of Stock,,2026-09-14 18:46:54.671799
366,Seoudi Supermarket,Prima Processed Creamy Cheese,99.95,,EGP,Prima,Cheese,Cheese & Labneh,Creamy Cheese,240.0,g,https://seoudisupermarket.com/en/prima-processed-creamy-cheese-240-g,Out of Stock,,2026-09-14 18:46:54.672799
367,Seoudi Supermarket,Al Karam Cheddar Cheese Sauce,25,,EGP,Al Karam,Cheese,Cheese & Labneh,,0.125,Kg,https://seoudisupermarket.com/en/al-karam-cheddar-cheese-sauce,Out of Stock,,2026-09-14 18:46:54.673801
368,Seoudi Supermarket,Cheesa Edam Cheese,144.5,,EGP,Cheesa,Cheese,Cheese & Labneh,Edam,235.0,g,https://seoudisupermarket.com/en/cheesa-edam-cheese-235-g,Out of Stock,,2026-09-14 18:46:54.674800
369,Seoudi Supermarket,La Vache Qui rit Creamy Cheese Jar,114.95,,EGP,La Vache Qui Rit,Cheese,Cheese & Labneh,Creamy Cheese,240.0,g,https://seoudisupermarket.com/en/la-vache-qui-rit-creamy-cheese-jar-240-g,Out of Stock,,2026-09-14 18:46:54.675797
370,Seoudi Supermarket,La Vache Qui rit Vegeterian Triangle Cheese,39,,EGP,La Vache Qui Rit,Cheese,Cheese & Labneh,Triangle Cheese,8,Pieces,https://seoudisupermarket.com/en/la-vache-qui-rit-vegeterian-triangle-cheese-8-pieces,Out of Stock,,2026-09-14 18:46:54.676801
371,Seoudi Supermarket,Royal Goat Gouda Cheese,131.25,,EGP,Royal,Cheese,Cheese & Labneh,Gouda,0.125,Kg,https://seoudisupermarket.com/en/royal-goat-gouda-cheese,Out of Stock,,2026-09-14 18:46:54.677797
372,Seoudi Supermarket,Bulgarian Kashkaval Cheese,85,,EGP,,Cheese,Cheese & Labneh,Kashkaval,0.125,Kg,https://seoudisupermarket.com/en/bulgarian-kashkaval-cheese,Out of Stock,,2026-09-14 18:46:54.678799
373,Seoudi Supermarket,Dolce Provolone Cheese,115.63,,EGP,Dolce,Cheese,Cheese & Labneh,Provolone,0.125,Kg,https://seoudisupermarket.com/en/dolce-provolone-cheese,Out of Stock,,2026-09-14 18:46:54.678799
374,Seoudi Supermarket,Domty Mix Shredded Mozzarella & Roumy Cheese,85.95,154.5,EGP,Domty,Cheese,Cheese & Labneh,Mozzarella,280.0,g,https://seoudisupermarket.com/en/domty-mix-shredded-mozzarella-and-roumy-cheese-280-g,Out of Stock,,2026-09-14 18:46:54.679798,44
375,Seoudi Supermarket,Prima Ricotta Cheese,107.95,,EGP,Prima,Cheese,Cheese & Labneh,Ricotta,400.0,g,https://seoudisupermarket.com/en/prima-ricotta-cheese-400-g,Out of Stock,,2026-09-14 18:46:54.680800
376,Seoudi Supermarket,Kiri Cream Cheese,45.5,,EGP,Kiri,Cheese,Cheese & Labneh,Cream Cheese,4,Pieces,https://seoudisupermarket.com/en/kiri-cream-cheese-4-pieces,Out of Stock,,2026-09-14 18:46:54.681799
377,Seoudi Supermarket,Lebanese Nabulsi Cheese,137.98,,EGP,,Cheese,Cheese & Labneh,Nabulsi,0.4,Kg,https://seoudisupermarket.com/en/lebanese-nabulsi-cheese,Out of Stock,,2026-09-14 18:46:54.682800
378,Seoudi Supermarket,Hajdu Smoked Kashkaval Cheese,102.49,,EGP,Hajdu,Cheese,Cheese & Labneh,Kashkaval,0.125,Kg,https://seoudisupermarket.com/en/hajdu-smoked-kashkaval-cheese,Out of Stock,,2026-09-14 18:46:54.683798
379,Seoudi Supermarket,Almarai Labneh,252.95,,EGP,Almarai,Labneh,Cheese & Labneh,Labneh,400.0,g,https://seoudisupermarket.com/en/almarai-labneh-400-g,Out of Stock,,2026-09-14 18:46:54.684798
380,Seoudi Supermarket,Shallal Cheese,167.98,,EGP,,Cheese,Cheese & Labneh,Shallal,0.4,Kg,https://seoudisupermarket.com/en/shallal-cheese,Out of Stock,,2026-09-14 18:46:54.685798
381,Seoudi Supermarket,Bulgarian Goat Kashkaval Cheese,128.75,,EGP,,Cheese,Cheese & Labneh,Kashkaval,0.125,Kg,https://seoudisupermarket.com/en/bulgarian-goat-kashkaval-cheese,Out of Stock,,2026-09-14 18:46:54.686800
382,Seoudi Supermarket,"La Vache Qui rit Triangle Cheese, Original",192.95,,EGP,La Vache Qui Rit,Cheese,Cheese & Labneh,Triangle Cheese,24,Pieces,https://seoudisupermarket.com/en/la-vache-qui-rit-triangle-cheese-original-24-pieces,Out of Stock,,2026-09-14 18:46:54.687800
383,Seoudi Supermarket,Virgilio Mascarpone Cheese,220,,EGP,Virgilio,Cheese,Cheese & Labneh,Mascarpone,250.0,g,https://seoudisupermarket.com/en/virgilio-mascarpone-cheese-250-g,Out of Stock,,2026-09-14 18:46:54.688800
384,Seoudi Supermarket,Almarai Labneh,120.95,,EGP,Almarai,Labneh,Cheese & Labneh,Labneh,180.0,g,https://seoudisupermarket.com/en/almarai-labneh-180-g,Out of Stock,,2026-09-14 18:46:54.689804
385,Seoudi Supermarket,Kiri Creamy Cheese,399.95,550,EGP,Kiri,Cheese,Cheese & Labneh,Creamy Cheese,48,Pieces,https://seoudisupermarket.com/en/kiri-creamy-cheese-48-pieces,Out of Stock,,2026-09-14 18:46:54.690799,27
386,Seoudi Supermarket,Saluti Parmisan Cheese,390.5,,EGP,Saluti,Cheese,Cheese & Labneh,,250.0,g,https://seoudisupermarket.com/en/saluti-parmisan-cheese-250-g,Out of Stock,,2026-09-14 18:46:54.691800
387,Seoudi Supermarket,La Vache Qui rit Vegeterian Triangle Cheese,77,,EGP,La Vache Qui Rit,Cheese,Cheese & Labneh,Triangle Cheese,16,Pieces,https://seoudisupermarket.com/en/la-vache-qui-rit-vegeterian-triangle-cheese-16-pieces,Out of Stock,,2026-09-14 18:46:54.692799
388,Seoudi Supermarket,Hajdu Light Kashkaval Cheese,96.87,,EGP,Hajdu,Cheese,Cheese & Labneh,Kashkaval,0.125,Kg,https://seoudisupermarket.com/en/hajdu-lite-kashkaval-cheese,Out of Stock,,2026-09-14 18:46:54.693796
389,Seoudi Supermarket,Swiss Gruyere Cheese,164.5,,EGP,,Cheese,Cheese & Labneh,Gruyere,0.1,Kg,https://seoudisupermarket.com/en/swiss-gruyere-cheese,Out of Stock,,2026-09-14 18:46:54.694800
390,Seoudi Supermarket,"La Vache Qui rit Triangle Cheese, Original",249.95,,EGP,La Vache Qui Rit,Cheese,Cheese & Labneh,Triangle Cheese,32,Pieces,https://seoudisupermarket.com/en/la-vache-qui-rit-triangle-cheese-original-32-pieces,Out of Stock,,2026-09-14 18:46:54.695799
391,Seoudi Supermarket,Basiron Gouda Cheese with Jalapeno,137.38,,EGP,Basiron,Cheese,Cheese & Labneh,Gouda,0.125,Kg,https://seoudisupermarket.com/en/basiron-gouda-cheese-with-jalapeno,Out of Stock,,2026-09-14 18:46:54.696800
392,Seoudi Supermarket,Domty Plus Feta Cheese Edam Flavor,26.5,31.25,EGP,Domty,Cheese,Cheese & Labneh,Edam,250.0,g,https://seoudisupermarket.com/en/domty-plus-feta-cheese-edam-flavor-250-g,Out of Stock,,2026-09-14 18:46:54.697799,15
393,Seoudi Supermarket,Garcia Iberico Cheese,399,,EGP,Garcia,Cheese,Cheese & Labneh,Iberico,150.0,g,https://seoudisupermarket.com/en/garcia-iberico-cheese-150-g,Out of Stock,,2026-09-14 18:46:54.699798
394,Seoudi Supermarket,Yopolis Light Cream Cheese,88,98,EGP,Yopolis,Cheese,Cheese & Labneh,Cream Cheese,225.0,g,https://seoudisupermarket.com/en/%D9%8A%D9%88%D8%A8%D9%88%D9%84%D8%B3-%D8%AC%D8%A8%D9%86%D8%A9-%D9%83%D8%B1%D9%8A%D9%85%D9%89-%D9%84%D8%A7%D9%8A%D8%AA225%D8%AC%D9%85,Out of Stock,,2026-09-14 18:46:54.700797,10
395,Seoudi Supermarket,Domty Feta Cheese with Jalapeno,90.95,114.75,EGP,Domty,Cheese,Cheese & Labneh,Feta,500.0,g,https://seoudisupermarket.com/en/domty-feta-cheese-with-jalapeno-500-g,Out of Stock,,2026-09-14 18:46:54.701799,21
396,Seoudi Supermarket,Mafaza Natural Mozzarella Cheese,334.95,394.95,EGP,Mafaza,Cheese,Cheese & Labneh,Mozzarella,700.0,g,https://seoudisupermarket.com/en/mafaza-natural-mozzarella-700-g,Out of Stock,,2026-09-14 18:46:54.702798,15
397,Seoudi Supermarket,Domty Gold Feta Cheese with Olives,90.95,114.75,EGP,Domty,Cheese,Cheese & Labneh,Feta,500.0,g,https://seoudisupermarket.com/en/domty-gold-feta-cheese-with-olives-500-g,Out of Stock,,2026-09-14 18:46:54.703799,21
398,Seoudi Supermarket,Domty Istanbuli Cheese,22.75,27.25,EGP,Domty,Cheese,Cheese & Labneh,Istanbuli,250.0,g,https://seoudisupermarket.com/en/domty-istanbuli-cheese-250-g,Out of Stock,,2026-09-14 18:46:54.705799,17
399,Seoudi Supermarket,Domty Shredded Mozzarella Cheese,73.25,,EGP,Domty,Cheese,Cheese & Labneh,Mozzarella,180.0,g,https://seoudisupermarket.com/en/domty-shredded-mozzarella-cheese-180-g,Out of Stock,,2026-09-14 18:46:54.706798
400,Seoudi Supermarket,Domty Feta Cheese with Olives,22.75,27.25,EGP,Domty,Cheese,Cheese & Labneh,Feta,250.0,g,https://seoudisupermarket.com/en/domty-feta-cheese-with-olives-250-g,Out of Stock,,2026-09-14 18:46:54.707798,17
401,Seoudi Supermarket,Domty Low Salt Feta Cheese,85.5,103.95,EGP,Domty,Cheese,Cheese & Labneh,Feta,1.0,kg,https://seoudisupermarket.com/en/domty-low-salt-feta-cheese-1-kg,Out of Stock,,2026-09-14 18:47:06.260070,18
402,Seoudi Supermarket,Puck Labneh,159.95,,EGP,Puck,Labneh,Cheese & Labneh,Labneh,200.0,g,https://seoudisupermarket.com/en/puck-labneh-200-g,Out of Stock,,2026-09-14 18:47:06.260070
403,Seoudi Supermarket,Puck Cream Cheese with Olives,159.95,,EGP,Puck,Cheese,Cheese & Labneh,Cream Cheese,200.0,g,https://seoudisupermarket.com/en/puck-cream-cheese-with-olives-200-g,Out of Stock,,2026-09-14 18:47:06.261070
404,Seoudi Supermarket,Puck Light Cream Cheese,159.95,,EGP,Puck,Cheese,Cheese & Labneh,Cream Cheese,200.0,g,https://seoudisupermarket.com/en/puck-light-cream-cheese-200-g,Out of Stock,,2026-09-14 18:47:06.261070
405,Seoudi Supermarket,Primos Natural Mozzarella,325,,EGP,Primos,Cheese,Cheese & Labneh,Mozzarella,900.0,g,https://seoudisupermarket.com/en/primos-natural-mozzarella-900-g,Out of Stock,,2026-09-14 18:47:06.262071
406,Seoudi Supermarket,Puck Cream Cheese,159.95,,EGP,Puck,Cheese,Cheese & Labneh,Cream Cheese,200.0,g,https://seoudisupermarket.com/en/puck-cream-cheese-200-g,Out of Stock,,2026-09-14 18:47:06.262071
407,Seoudi Supermarket,Creamy Cheese with Butter,23.88,,EGP,,Cheese,Cheese & Labneh,Creamy Cheese,0.125,Kg,https://seoudisupermarket.com/en/creamy-cheese-with-roumy-cheese,Out of Stock,,2026-09-14 18:47:06.263070
408,Seoudi Supermarket,Old Amsterdam Cheese Wedges,499.95,600,EGP,Old Amsterdam,Cheese,Cheese & Labneh,,250.0,g,https://seoudisupermarket.com/en/old-amsterdam-cheese-wedges-250-g,Out of Stock,,2026-09-14 18:47:06.263070,17
409,Seoudi Supermarket,Garcia Baquero Goat Cheese,370,,EGP,Garcia,Cheese,Cheese & Labneh,Goat Cheese,100.0,g,https://seoudisupermarket.com/en/garcia-baquero-goat-cheese-100-g,Out of Stock,,2026-09-14 18:47:06.264070
410,Seoudi Supermarket,President White Cheese,163.5,,EGP,President,Cheese,Cheese & Labneh,White Cheese,450.0,g,https://seoudisupermarket.com/en/%D8%A8%D8%B1%D9%8A%D8%B2%D9%8A%D8%AF%D9%86-%D8%AC%D8%A8%D9%86%D8%A9-%D8%A8%D9%8A%D8%B6%D8%A7%D8%A1-450-%D8%AC%D9%85,Out of Stock,,2026-09-14 18:47:06.264070
411,Seoudi Supermarket,President Cream Cheese,180.95,,EGP,President,Cheese,Cheese & Labneh,Cream Cheese,240.0,g,https://seoudisupermarket.com/en/president-cream-cheese-240-g,Out of Stock,,2026-09-14 18:47:06.265070
412,Seoudi Supermarket,Puck Cheddar Cheese Slices,139.95,200,EGP,Puck,Cheese,Cheese & Labneh,,10,Pieces,https://seoudisupermarket.com/en/puck-cheddar-cheese-slices-10-pieces,Out of Stock,,2026-09-14 18:47:06.265070,30
413,Seoudi Supermarket,Panda Istanbuli Cheese,26.75,,EGP,Panda,Cheese,Cheese & Labneh,Istanbuli,250.0,g,https://seoudisupermarket.com/en/panda-istanbuli-cheese-250-g,Out of Stock,,2026-09-14 18:47:06.266071
414,Seoudi Supermarket,Garcia Manchego Creamy Cheese,315,,EGP,Garcia,Cheese,Cheese & Labneh,Manchego,125.0,g,https://seoudisupermarket.com/en/garcia-manchego-creamy-cheese-125-g,Out of Stock,,2026-09-14 18:47:06.266071
415,Seoudi Supermarket,Baby Mozzarella,54.13,,EGP,,Cheese,Cheese & Labneh,Mozzarella,0.125,Kg,https://seoudisupermarket.com/en/baby-mozzarella,Out of Stock,,2026-09-14 18:47:06.267070
416,Seoudi Supermarket,Freddy Camembert Cheese,140,,EGP,Freddy's,Cheese,Cheese & Labneh,Camembert,200.0,g,https://seoudisupermarket.com/en/freddy-camembert-cheese-200-g,Out of Stock,,2026-09-14 18:47:06.267070
417,Seoudi Supermarket,Freddy's Brie Cheese,141.25,,EGP,Freddy's,Cheese,Cheese & Labneh,Brie,200.0,g,https://seoudisupermarket.com/en/freddys-brie-cheese-200-g,Out of Stock,,2026-09-14 18:47:06.268071
418,Seoudi Supermarket,Ma Chevre Cendre Soft Natural Chevre Cheese from Goat and Cow Milk,120,,EGP,Ma Chevre,Cheese,Cheese & Labneh,Chevre,150.0,g,https://seoudisupermarket.com/en/ma-chevre-cendre-soft-natural-chevre-cheese-from-goat-and-cow-milk-150-g,Out of Stock,,2026-09-14 18:47:06.268071
419,Seoudi Supermarket,Ma Chevre Soft Natural Chevre Cheese from Goat and Cow Milk with Garlic and Thyme,120,,EGP,Ma Chevre,Cheese,Cheese & Labneh,Chevre,150.0,g,https://seoudisupermarket.com/en/ma-chevre-soft-natural-chevre-cheese-from-goat-and-cow-milk-with-garlic-and-thyme-150-g,Out of Stock,,2026-09-14 18:47:06.269071
420,Seoudi Supermarket,Ma Chevre Soft Natural Chevre Cheese from Goat and Cow Milk with Garlic and Chili,120,,EGP,Ma Chevre,Cheese,Cheese & Labneh,Chevre,150.0,g,https://seoudisupermarket.com/en/ma-chevre-soft-natural-chevre-cheese-from-goat-and-cow-milk-with-garlic-and-chili-150-g,Out of Stock,,2026-09-14 18:47:06.269071
421,Seoudi Supermarket,Food House Goat Cheese With Plant Coal,102,,EGP,Food House,Cheese,Cheese & Labneh,Goat Cheese,150.0,g,https://seoudisupermarket.com/en/food-house-goat-cheese-with-plant-coal-150-g,Out of Stock,,2026-09-14 18:47:06.270070
422,Seoudi Supermarket,Violife Creamy Cheese Flavor,265,,EGP,Violife,Cheese,Cheese & Labneh,Creamy Cheese,150.0,g,https://seoudisupermarket.com/en/violife-creamy-cheese-flavor-150-g,Out of Stock,,2026-09-14 18:47:06.270070
423,Seoudi Supermarket,Maleka Akawi Cheese,109.95,,EGP,Malika,Cheese,Cheese & Labneh,Akawi,300.0,g,https://seoudisupermarket.com/en/maleka-akawi-cheese-300-g,Out of Stock,,2026-09-14 18:47:06.271070
424,Seoudi Supermarket,Al Sharq Akawi Cheese,103.5,,EGP,Al Sharq,Cheese,Cheese & Labneh,Akawi,200.0,g,https://seoudisupermarket.com/en/al-sharq-akawi-cheese-200-g,Out of Stock,,2026-09-14 18:47:06.271070
425,Seoudi Supermarket,Garcia Manchego Sheep Cheese,640,,EGP,Garcia,Cheese,Cheese & Labneh,Manchego,150.0,g,https://seoudisupermarket.com/en/garcia-manchego-sheep-cheese-150-g,Out of Stock,,2026-09-14 18:47:06.272071
426,Seoudi Supermarket,Saluti Provolone Cheese,255.5,,EGP,Saluti,Cheese,Cheese & Labneh,Provolone,200.0,g,https://seoudisupermarket.com/en/saluti-provolone-cheese-200-g,Out of Stock,,2026-09-14 18:47:06.272071
427,Seoudi Supermarket,Burrata Cheese,126.25,,EGP,,Cheese,Cheese & Labneh,Burrata,0.25,Kg,https://seoudisupermarket.com/en/burrata-cheese,Out of Stock,,2026-09-14 18:47:06.273071
428,Seoudi Supermarket,Malika Majdool Cheese,139.95,,EGP,Malika,Cheese,Cheese & Labneh,Majdool,300.0,g,https://seoudisupermarket.com/en/malika-majdool-cheese-300-g,Out of Stock,,2026-09-14 18:47:06.274073
429,Seoudi Supermarket,Malika Mashalala Cheese,134.95,,EGP,Malika,Cheese,Cheese & Labneh,Mashalala,300.0,g,https://seoudisupermarket.com/en/malika-mashalala-cheese-300-g,Out of Stock,,2026-09-14 18:47:06.275072
430,Seoudi Supermarket,Panda Feta Cheese with Olive,26.75,,EGP,Panda,Cheese,Cheese & Labneh,Feta,250.0,g,https://seoudisupermarket.com/en/panda-feta-cheese-with-olive-250-g,Out of Stock,,2026-09-14 18:47:06.276071
431,Seoudi Supermarket,Ma Chevre Fresh Soft Natural Chevre Cheese from Goat and Cow Milk,120,,EGP,Ma Chevre,Cheese,Cheese & Labneh,Chevre,150.0,g,https://seoudisupermarket.com/en/ma-chevre-fresh-soft-natural-chevre-cheese-from-goat-and-cow-milk-150-g,Out of Stock,,2026-09-14 18:47:06.276071
432,Seoudi Supermarket,Al Sharq Moshalal Cheese,103.5,,EGP,Al Sharq,Cheese,Cheese & Labneh,Mashalala,200.0,g,https://seoudisupermarket.com/en/al-sharq-moshalal-cheese-200-g,Out of Stock,,2026-09-14 18:47:06.277071
433,Seoudi Supermarket,Saluti Parmigiano Reggiano Cheese,555.75,,EGP,Saluti,Cheese,Cheese & Labneh,Parmesan,250.0,g,https://seoudisupermarket.com/en/saluti-parmigiano-reggiano-cheese-250-g,Out of Stock,,2026-09-14 18:47:06.278071
434,Seoudi Supermarket,Pecorino Romano Cheese with Black Pepper,186.88,,EGP,,Cheese,Cheese & Labneh,Pecorino,0.125,Kg,https://seoudisupermarket.com/en/pecorino-romano-cheese-with-black-pepper,Out of Stock,,2026-09-14 18:47:06.279072
435,Seoudi Supermarket,Pecorino Romano Cheese,173.75,,EGP,,Cheese,Cheese & Labneh,Pecorino,0.125,Kg,https://seoudisupermarket.com/en/%D8%AC%D8%A8%D9%86%D8%A9-%D8%A8%D9%8A%D9%83%D9%88%D8%B1%D9%8A%D9%86%D9%88-%D8%B1%D9%88%D9%85%D8%A7%D9%86%D9%88-%D9%88%D8%B2%D9%86-2005470000000,Out of Stock,,2026-09-14 18:47:06.280072
436,Seoudi Supermarket,Domty Plus Shredded Mozzarella Cheese,142.95,,EGP,Domty,Cheese,Cheese & Labneh,Mozzarella,325.0,g,https://seoudisupermarket.com/en/domty-plus-shredded-mozzarella-cheese-325-g,Out of Stock,,2026-09-14 18:47:06.281071
